matricula;nome_completo;cpf;data_nascimento;idade;sexo;estado_civil;escolaridade;dependentes;email_corporativo;departamento;cargo;nivel;familia_cargo;unidade_negocio;cidade;uf;regiao;centro_custo;modelo_contrato;jornada_horas;data_admissao;data_demissao;tempo_empresa_anos;gestor_matricula;gestor_nome;status;salario_base;bonus_anual;remuneracao_total;valor_plano_saude;valor_vale_alimentacao;valor_vale_transporte;plano_saude;previdencia_complementar;nota_desempenho;meta_cumprida_percentual;e_nps;horas_treinamento_2025;faltas_2025;dias_afastamento_2025;turnover_12m;origem_recrutamento
EMP0001;Otavio Rocha Guimaraes;785.706.629-00;1991-08-06;35;M;Viuvo(a);Pos-graduacao;1;otavio.guimaraes@coca-cola.com.br;Presidencia;Presidente;Presidente;Diretoria;Matriz - Sao Paulo;Sao Paulo;SP;Sudeste;CC-1000;CLT;40;2012-08-26;;14,1;;;Ativo;109.280,00;34.230,00;143.510,00;1.113,75;900,00;0,00;sim;sim;5;94,3;37;56;3;16;nao;Banco de talentos
EMP0002;Ana Rodrigues Santos;121.925.502-50;2002-05-05;24;F;Casado(a);Pos-graduacao;0;ana.santos@coca-cola.com.br;Vendas;Diretor de Vendas;Diretor;Diretoria;Matriz - Sao Paulo;Sao Paulo;SP;Sudeste;CC-1000;CLT;40;2026-08-15;;0,1;EMP0007;Gabriela Medeiros;Ativo em periodo de experiencia;53.320,00;24.590,00;77.910,00;515,00;1.400,00;0,00;sim;sim;3;140,4;29;33;2;1;nao;Processo seletivo interno
EMP0003;Paulo Melo Almeida;274.131.347-40;1980-04-24;46;M;Solteiro(a);Pos-graduacao;0;paulo.almeida@coca-cola.com.br;Marketing;Diretor de Marketing;Diretor;Diretoria;Matriz - Sao Paulo;Sao Paulo;SP;Sudeste;CC-1000;CLT;40;2021-03-25;;5,5;EMP0013;Bianca Machado Silva;Ativo;52.610,00;19.750,00;72.360,00;920,00;1.250,00;0,00;sim;sim;4;89,7;-13;19;0;19;nao;Agencia de recrutamento
EMP0004;Michele Rodrigues Cunha;289.469.035-50;08/10/1970;55;F;Viuvo(a);Pos-graduacao;3;michele.cunha@coca-cola.com.br;Tecnologia da Informacao;Diretor de Tecnologia da Informacao;Diretor;Diretoria;Interior de Sao Paulo;Campinas;SP;Sudeste;CC-1200;CLT;40;2020-10-17;;5,9;EMP0012;Geraldo Cardoso;Ativo;53.030,00;16.330,00;69.360,00;0,00;1.000,00;0,00;nao;sim;4;114,9;69;85;5;17;nao;Agencia de recrutamento
EMP0005;Fabio Oliveira Rocha;866.776.212-10;1989-10-19;36;M;Casado(a);Pos-graduacao;3;fabio.rocha@coca-cola.com.br;Logistica;Diretor de Distribuicao e Logistica;Diretor;Diretoria;Matriz - Sao Paulo;Sao Paulo;SP;Sudeste;CC-1000;CLT;40;2019-04-13;2026-11-08;7,5;EMP0011;Joao Pereira;Aviso previo;40.250,00;16.290,00;56.540,00;1.558,00;1.300,00;0,00;sim;sim;3;99,9;21;72;1;34;nao;Universidade
EMP0006;Leticia Duarte;584.214.444-10;1997-11-02;28;F;Viuvo(a);;3;leticia.duarte@coca-cola.com.br;Juridico;Gerente de Assuntos Corporativos e Juridico;Gerente;Gestao;Matriz - Sao Paulo;Sao Paulo;SP;Sudeste;CC-1000;CLT;40;2025-09-21;;1,0;EMP0029;Caio Silva Soares;Ativo;30.010,00;11.360,00;41.370,00;1.045,50;1.250,00;0,00;sim;sim;3;145,3;43;49;3;39;nao;Processo seletivo interno
EMP0007;Gabriela Medeiros;737.931.380-00;1971-08-16;55;F;Viuvo(a);Ensino superior;0;gabriela.medeiros@coca-cola.com.br;Vendas;Gerente de Grandes Contas;Gerente;Gestao;Matriz - Sao Paulo;Sao Paulo;SP;Sudeste;CC-1000;CLT;40;2020-11-27;;5,8;EMP0041;Bianca Vieira;Ativo;23.770,00;12.620,00;36.390,00;790,00;1.400,00;0,00;sim;sim;4;97,3;31;62;0;14;nao;Processo seletivo interno
EMP0008;Fatima Duarte;99808173640;1982-07-21;44;F;Casado(a);Ensino superior;1;fatima.duarte@coca-cola.com.br;Financeiro;Gerente Financeiro;Gerente;Gestao;Matriz - Sao Paulo;Sao Paulo;SP;Sudeste;CC-1000;CLT;40;2021-05-21;;5,4;EMP0023;Vitoria Silva Pinto;Ativo;34.390,00;20.310,00;54.700,00;1.113,75;1.150,00;0,00;sim;nao;5;135,9;96;42;2;24;nao;Universidade
EMP0009;Vinicius Moura;664.331.225-60;2000-11-06;25;M;Solteiro(a);Ensino superior;0;vinicius.moura@coca-cola.com.br;Atendimento;Gerente de Customer Service;Gerente;Gestao;Matriz - Sao Paulo;Sao Paulo;SP;Sudeste;CC-1000;CLT;40;2021-12-15;;4,8;EMP0043;Pedro Freitas Lima;Ativo;25.540,00;10.520,00;36.060,00;510,00;1.400,00;0,00;sim;sim;4;106,2;27;50;3;23;nao;Processo seletivo interno
EMP0010;Rafaela Marques;251.537.812-90;1998-04-03;28;F;Solteiro(a);Ensino superior;2;rafaela.marques@coca-cola.com.br;Comunicacao;Gerente de Comunicacao Corporativa;Gerente;Gestao;Grande Sao Paulo;Sao Paulo;SP;Sudeste;CC-1100;CLT;40;19/07/2024;;2,2;EMP0035;Murilo Pereira Almeida;Afastado;31.150,00;13.230,00;44.380,00;833,00;1.150,00;0,00;sim;sim;5;100,3;13;27;3;21;nao;Indicacao de colega
EMP0011;Joao Pereira;369.935.834-80;1990-01-14;36;M;Viuvo(a);Ensino superior;1;joao.pereira@coca-cola.com.br;Logistica;Gerente de Distribuicao;Gerente;Gestao;Pernambuco;Recife;PE;Nordeste;CC-5100;CLT;40;2019-10-21;;6,9;EMP0022;Fernanda Souza;Ativo;21.280,00;12.580,00;33.860,00;1.039,50;1.250,00;0,00;sim;sim;4;89,8;-8;75;1;19;nao;Agencia de recrutamento
EMP0012;Geraldo Cardoso;596.569.461-00;1984-06-22;42;M;Divorciado(a);Ensino superior;0;geraldo.cardoso@coca-cola.com.br;Tecnologia da Informacao;Gerente de Tecnologia da Informacao;Gerente;Gestao;Para;Belem;PA;Norte;CC-6100;CLT;40;2026-07-16;;0,2;EMP0033;Renata Almeida;Ativo em periodo de experiencia;28.130,00;16.420,00;44.550,00;570,00;1.400,00;0,00;sim;sim;3;60,0;54;56;3;21;nao;Indicacao de colega
EMP0013;Bianca Machado Silva;469.018.764-90;1967-11-08;58;F;Uniao estavel;Ensino superior;3;bianca.silva@coca-cola.com.br;Compras;Gerente de Compra e Suprimentos;Gerente;Gestao;Matriz - Sao Paulo;Sao Paulo;SP;Sudeste;CC-1000;CLT;40;2024-01-12;;2,7;EMP0044;Marina Lima Farias;Ativo;25.460,00;11.340,00;36.800,00;1.178,75;1.450,00;0,00;sim;sim;4;103,7;17;;3;23;nao;Indicacao de colega
EMP0014;Bruna Fonseca Bezerra;078.529.362-00;1998-08-30;28;F;Viuvo(a);Ensino superior;2;bruna.bezerra@coca-cola.com.br;Vendas;Gerente de Vendas Regional;Gerente;Gestao;Brasilia e Entorno;Brasilia;DF;Centro-Oeste;CC-3100;CLT;40;2025-02-19;;1,6;EMP0026;Murilo Soares Freitas;Ativo;23.720,00;8.020,00;31.740,00;1.589,50;1.050,00;0,00;sim;sim;3;143,3;64;81;3;12;nao;Feira de carreiras
EMP0015;Leandro Alves;240.177.923-00;1982-06-08;44;M;Casado(a);Ensino superior;1;leandro.alves@coca-cola.com.br;Qualidade;Gerente de Producao e Qualidade;Gerente;Gestao;Matriz - Sao Paulo;Sao Paulo;SP;Sudeste;CC-1000;CLT;40;2013-02-04;;13,6;EMP0025;Juliana Farias Barbosa;Ativo;31.750,00;15.540,00;47.290,00;607,50;1.000,00;0,00;sim;nao;3;96,9;30;62;2;30;nao;Agencia de recrutamento
EMP0016;Olvia Correia;322.602.065-00;1987-05-07;39;F;Uniao estavel;Ensino superior;0;olvia.correia@coca-cola.com.br;Vendas;Gerente de Vendas Regional;Gerente;Gestao;Ceara;Fortaleza;CE;Nordeste;CC-5300;CLT;40;2026-06-17;;0,3;EMP0020;Flavio Gomes;Ativo;25.080,00;8.350,00;33.430,00;640,00;1.450,00;0,00;sim;sim;3;121,0;53;64;1;31;nao;Banco de talentos
EMP0017;Lucas Carvalho;169.258.928-80;1993-12-28;32;M;Solteiro(a);Ensino superior;0;lucas.carvalho@coca-cola.com.br;Qualidade;Gerente de Producao e Qualidade;Gerente;Gestao;Matriz - Sao Paulo;Sao Paulo;SP;Sudeste;CC-1000;CLT;40;2020-04-10;2026-03-25;6,5;EMP0025;Juliana Farias Barbosa;Desligado;25.800,00;11.600,00;37.400,00;820,00;1.200,00;0,00;sim;sim;3;143,6;35;44;2;0;sim;Feira de carreiras
EMP0018;Sergio Bezerra Teixeira;659.707.460-20;30/06/1997;29;M;Divorciado(a);Ensino superior;1;sergio.teixeira@coca-cola.com.br;Logistica;Gerente de Distribuicao;Gerente;Gestao;Matriz - Sao Paulo;Sao Paulo;SP;Sudeste;CC-1000;CLT;40;2023-10-14;;3,0;EMP0022;Fernanda Souza;Ativo;30.360,00;12.150,00;42.510,00;722,25;1.400,00;0,00;sim;sim;3;119,9;46;62;1;35;nao;Universidade
EMP0019;Alice Medeiros;965.003.765-90;1999-07-15;27;F;Divorciado(a);Ensino superior;1;alice.medeiros@coca-cola.com.br;Recursos Humanos;Gerente de Recursos Humanos;Gerente;Gestao;Matriz - Sao Paulo;Sao Paulo;SP;Sudeste;CC-1000;CLT;40;2022-02-20;;4,6;EMP0034;Carolina Macedo;Ativo;22.470,00;6.990,00;29.460,00;924,75;1.250,00;0,00;sim;nao;3;113,7;36;71;0;22;nao;Indicacao de colega
EMP0020;Flavio Gomes;128.272.701-00;1989-04-05;37;M;Casado(a);Ensino superior;1;flavio.gomes@coca-cola.com.br;Vendas;Coordenador de Vendas;Coordenador;Gestao;Matriz - Sao Paulo;Sao Paulo;SP;Sudeste;CC-1000;CLT;40;2013-10-29;;12,9;EMP0054;Luiz Freitas Almeida;Ativo;18.760,00;4.970,00;23.730,00;1.255,50;1.350,00;0,00;sim;sim;4;73,1;16;82;1;32;nao;Feira de carreiras
EMP0021;Gabriela Monteiro;886.600.454-50;1998-05-05;28;F;Uniao estavel;Ensino superior;1;gabriela.monteiro@coca-cola.com.br;Financeiro;Coordenador de Controle Financeiro;Coordenador;Gestao;Matriz - Sao Paulo;Sao Paulo;SP;Sudeste;CC-1000;CLT;40;2022-02-12;;4,6;EMP0067;Jose Bezerra Moura;Ativo;15.140,00;4.240,00;19.380,00;999,00;950,00;0,00;sim;sim;3;129,1;42;61;6;15;nao;Banco de talentos
EMP0022;Fernanda Souza;396.970.009-40;1969-01-30;57;F;Casado(a);Ensino superior;0;fernanda.souza@coca-cola.com.br;LOGISTICA;Coordenador de Distribuicao;Coordenador;Gestao;Matriz - Sao Paulo;Sao Paulo;SP;Sudeste;CC-1000;CLT;40;2007-02-25;;19,6;EMP0045;Andre Moreira Soares;Ativo;11.420,00;2.420,00;13.840,00;0,00;1.000,00;0,00;nao;sim;4;81,9;50;75;1;25;nao;Universidade
EMP0023;Vitoria Silva Pinto;312.048.094-00;2001-03-26;25;F;Viuvo(a);Ensino superior;2;vitoria.pinto@coca-cola.com.br;Financeiro;Coordenador de Controle Financeiro;Coordenador;Gestao;Goias;Goiania;GO;Centro-Oeste;CC-3200;CLT;40;2026-03-22;;0,5;EMP0067;Jose Bezerra Moura;Ativo;14.430,00;2.890,00;17.320,00;773,50;1.100,00;0,00;sim;sim;4;95,0;14;38;0;32;nao;Universidade
EMP0024;Otavio Monteiro;181.295.654-10;1989-05-27;37;M;Divorciado(a);Ensino superior;0;otavio.monteiro@coca-cola.com.br;Tecnologia da Informacao;Coordenador de Sistemas;Coordenador;Gestao;Mato Grosso;Cuiaba;MT;Centro-Oeste;CC-3300;CLT;40;2024-09-01;;2,1;EMP0057;Thiago Farias;Ativo;20.180,00;3.640,00;23.820,00;965,00;900,00;0,00;sim;nao;3;95,3;;64;4;14;nao;Portal de carreiras
EMP0025;Juliana Farias Barbosa;437.676.167-20;1997-09-14;29;F;Solteiro(a);Ensino superior;1;juliana.barbosa@coca-cola.com.br;Qualidade;Coordenador de Producao;Coordenador;Gestao;Parana;Curitiba;PR;Sul;CC-4100;CLT;40;2023-07-17;;3,2;EMP0060;Mariana Dias;Ativo;10.180,00;2.540,00;12.720,00;823,50;900,00;0,00;sim;sim;4;80,1;30;43;0;13;nao;Indicacao de colega
EMP0026;Murilo Soares Freitas;324.125.525-50;2000-07-26;26;M;Viuvo(a);Ensino superior;0;murilo.freitas@coca-cola.com.br;Vendas;Coordenador de Vendas;Coordenador;Gestao;Brasilia e Entorno;Brasilia;DF;Centro-Oeste;CC-3100;CLT;40;2023-03-31;2026-08-15;3,5;EMP0047;Elias Dias Bezerra;Desligado;14.850,00;3.940,00;18.790,00;610,00;1.200,00;0,00;sim;sim;3;62,8;27;59;4;0;sim;Portal de carreiras
EMP0027;Nilton Guimaraes;232.265.839-10;1990-02-09;36;M;Viuvo(a);Ensino superior;0;nilton@gmail.com;Atendimento;Coordenador de Atendimento ao Consumidor;Coordenador;Gestao;Grande Sao Paulo;Sao Paulo;SP;Sudeste;CC-1100;CLT;40;2016-03-30;;10,5;EMP0056;Gabriela Santana Teixeira;Ativo;14.810,00;4.100,00;18.910,00;885,00;1.150,00;0,00;sim;sim;4;97,6;29;19;1;23;nao;Feira de carreiras
EMP0028;Nubia Correia Bezerra;859.732.200-40;1980-12-17;45;F;Viuvo(a);Ensino superior;0;nubia.bezerra@coca-cola.com.br;Logistica;Coordenador de Distribuicao;Coordenador;Gestao;Minas Gerais;Belo Horizonte;MG;Sudeste;CC-2200;CLT;40;2018-01-01;;8,7;EMP0045;Andre Moreira Soares;Ativo;16.030,00;2.990,00;19.020,00;0,00;1.100,00;0,00;nao;nao;4;89,6;50;35;2;20;nao;Feira de carreiras
EMP0029;Caio Silva Soares;597.849.538-60;1968-04-11;58;M;Casado(a);Ensino superior;0;caio.soares@coca-cola.com.br;Recursos Humanos;Coordenador de Recrutamento e Selecao;Coordenador;Gestao;Matriz - Sao Paulo;Sao Paulo;SP;Sudeste;CC-1000;CLT;40;2023-08-12;;3,1;EMP0061;Paula Bezerra;Ativo;14.140,00;3.630,00;17.770,00;870,00;1.250,00;0,00;sim;sim;4;106,4;36;52;2;19;nao;Banco de talentos
EMP0030;Bruna Goncalves Rodrigues;568.610.004-70;1969-03-02;57;F;Uniao estavel;Ensino superior;2;bruna.rodrigues@coca-cola.com.br;Vendas;Coordenador de Vendas;Coordenador;Gestao;Rio de Janeiro;Rio de Janeiro;RJ;Sudeste;CC-2100;CLT;40;2026-04-15;;0,5;EMP0058;Michele Teixeira;Ativo;14.410,00;2.660,00;17.070,00;1.445,00;1.150,00;0,00;sim;sim;3;77,3;74;38;1;24;nao;Indicacao de colega
EMP0031;Debora Gomes Martins;285.019.729-70;1982-05-07;44;F;Uniao estavel;Ensino superior;1;debora.martins@coca-cola.com.br;Marketing;Coordenador de Trade Marketing;Coordenador;Gestao;Matriz - Sao Paulo;Sao Paulo;SP;Sudeste;CC-1000;CLT;40;2019-11-29;2026-02-09;6,8;EMP0062;Diego Guimaraes;Desligado;15.700,00;-1.200,00;14.500,00;945,00;1.450,00;0,00;sim;sim;3;125,6;-7;77;8;0;sim;Agencia de recrutamento
EMP0032;Sara Andrade Lima;002.200.024-00;1982-04-16;44;F;Viuvo(a);Ensino superior;1;sara.lima@coca-cola.com.br;Sustentabilidade;Coordenador de Sustentabilidade;Coordenador;Gestao;Matriz - Sao Paulo;Sao Paulo;SP;Sudeste;CC-1000;CLT;40;2015-07-21;2026-06-23;11,2;EMP0068;Heitor Santana;Desligado;14.530,00;2.850,00;17.380,00;1.147,50;1.350,00;0,00;sim;sim;3;128,8;54;68;2;0;sim;Feira de carreiras
EMP0033;Renata Almeida;427.083.578-80;1987-02-02;39;F;Solteiro(a);Ensino superior;0;renata.almeida@coca-cola.com.br;Tecnologia da Informacao;Coordenador de Sistemas;Coordenador;Gestao;Maranhao;Sao Luis;MA;Nordeste;CC-5400;CLT;40;2025-01-30;;1,7;EMP0057;Thiago Farias;Ativo;18.390,00;5.510,00;23.900,00;665,00;1.350,00;0,00;sim;sim;4;106,9;8;76;0;26;nao;Feira de carreiras
EMP0034;Carolina Macedo;381.778.126-10;1978-04-08;48;F;Viuvo(a);Ensino superior;1;carolina.macedo@coca-cola.com.br;Recursos Humanos;Coordenador de Desenvolvimento Organizacional;Coordenador;Gestao;Matriz - Sao Paulo;Sao Paulo;SP;Sudeste;CC-1000;CLT;40;2020-08-30;;6,1;EMP0061;Paula Bezerra;Ativo;18.270,00;4.240,00;22.510,00;688,50;1.300,00;0,00;sim;sim;3;88,9;48;46;0;31;nao;Universidade
EMP0035;Murilo Pereira Almeida;619.023.387-20;1982-01-05;44;M;Casado(a);Ensino superior;2;murilo.almeida@coca-cola.com.br;Comunicacao;Coordenador de Comunicacao;Coordenador;Gestao;Espirito Santo;Vitoria;ES;Sudeste;CC-2300;CLT;40;2022-12-27;;3,8;EMP0049;Cristina Lima;Ativo;14,6;2.580,00;17.210,00;1.232,50;1.100,00;0,00;sim;sim;2;97,6;33;43;6;5;nao;Feira de carreiras
EMP0036;Joao Guimaraes Bastos;313.718.563-70;1972-04-09;54;M;Solteiro(a);Ensino superior;1;joao.bastos@coca-cola.com.br;Vendas;Coordenador de Vendas;Coordenador;Gestao;Matriz - Sao Paulo;Sao Paulo;SP;Sudeste;CC-1000;CLT;40;2013-02-21;;13,6;EMP0069;Francisco Xavier;Afastado;14.800,00;3.890,00;18.690,00;1.208,25;1.350,00;0,00;sim;sim;3;123,2;43;16;6;68;nao;Feira de carreiras
EMP0037;Alan Gomes;049.996.198-60;1988-11-20;49;M;Divorciado(a);Ensino superior;1;alan.gomes@coca-cola.com.br;Financeiro;Coordenador de Controle Financeiro;Coordenador;Gestao;Grande Sao Paulo;Sao Paulo;SP;Sudeste;CC-1100;CLT;40;2024-12-31;;1,7;EMP0067;Jose Bezerra Moura;Ativo;15.210,00;3.110,00;18.320,00;945,00;1.200,00;0,00;sim;sim;3;99,1;23;48;3;31;nao;Indicacao de colega
EMP0038;Bruno Aparecida;812.052.560-40;1974-06-17;52;M;Divorciado(a);Ensino superior;3;bruno.aparecida@coca-cola.com.br;Marketing;Coordenador de Trade Marketing;Coordenador;Gestao;Matriz - Sao Paulo;Sao Paulo;SP;Sudeste;CC-1000;CLT;40;2020-06-30;2025-12-18;6,2;EMP0072;Geraldo Santana Mendes;Desligado;14.570,00;2.640,00;17.210,00;1.291,50;1.150,00;0,00;sim;sim;3;141,2;16;82;5;0;sim;Universidade
EMP0039;Vinicius Rodrigues;902.069.251-80;1998-06-16;28;M;Solteiro(a);Ensino superior;3;vinicius.rodrigues@coca-cola.com.br;Recursos Humanos;Coordenador de Recrutamento e Selecao;Coordenador;Gestao;Matriz - Sao Paulo;Sao Paulo;SP;Sudeste;CC-1000;CLT;40;2020-03-30;;6,5;EMP0061;Paula Bezerra;Ativo;15.430,00;4.290,00;19.720,00;1.578,50;1.000,00;0,00;sim;sim;3;118,7;20;61;4;24;nao;Agencia de recrutamento
EMP0040;Giliane Soares;940.383.720-90;1980-08-31;46;F;Casado(a);Ensino superior;0;giliane.soares@coca-cola.com.br;Financeiro;Coordenador de Controle Financeiro;Coordenador;Gestao;Bahia;Salvador;BA;Nordeste;CC-5200;CLT;40;2020-01-16;;6,7;EMP0063;Diego Barbosa;Ativo;17.450,00;2.660,00;20.110,00;865,00;1.350,00;0,00;sim;sim;3;114,1;13;44;1;18;nao;Processo seletivo interno
EMP0041;Bianca Vieira;590.885.721-10;1974-05-24;52;F;Divorciado(a);Ensino superior;2;bianca.vieira@coca-cola.com.br;Vendas;coordenador de vendas;Coordenador;Gestao;Goias;Goiania;GO;Centro-Oeste;CC-3200;CLT;40;2021-08-09;;5,1;EMP0068;Heitor Santana;Ativo;18.920,00;4.210,00;23.130,00;1.258,00;1.250,00;0,00;sim;sim;3;89,4;36;45;2;25;nao;Portal de carreiras
EMP0042;Henrique Aparecida Moura;132.083.135-40;1991-05-15;35;M;Divorciado(a);Ensino superior;0;henrique.moura@coca-cola.com.br;Tecnologia da Informacao;Coordenador de Sistemas;Coordenador;Gestao;Rio de Janeiro;Rio de Janeiro;RJ;Sudeste;CC-2100;CLT;40;2016-01-12;;10,7;EMP0057;Thiago Farias;Ativo;20.220,00;4.140,00;24.360,00;550,00;1.200,00;0,00;sim;sim;4;84,3;30;53;3;19;nao;Feira de carreiras
EMP0043;Pedro Freitas Lima;209.411.836-30;1972-10-26;53;M;Uniao estavel;Ensino superior;2;pedro.lima@coca-cola.com.br;Atendimento;Coordenador de Atendimento ao Consumidor;Coordenador;Gestao;Bahia;Salvador;BA;Nordeste;CC-5200;CLT;40;2010-07-08;;16,2;EMP0066;Rosana Gomes;Ativo;12.560,00;1.980,00;14.540,00;1.436,50;1.250,00;0,00;sim;sim;4;77,3;46;59;5;41;nao;Processo seletivo interno
EMP0044;Marina Lima Farias;868.958.346-70;1989-11-11;36;F;Casado(a);Ensino superior;1;marina.farias@coca-cola.com.br;Compras;Coordenador de Compras;Coordenador;Gestao;Grande Sao Paulo;Sao Paulo;SP;Sudeste;CC-1100;CLT;40;2020-03-09;;6,6;EMP0064;Jose Lima;Ativo;20.920,00;3.740,00;24.660,00;1.154,25;1.300,00;0,00;sim;nao;4;108,4;24;66;4;14;nao;Portal de carreiras
EMP0045;Andre Moreira Soares;530.030.736-00;26/07/1979;47;M;Viuvo(a);Ensino superior;1;andre.soares@coca-cola.com.br;Logistica;Especialista em Logistica;Especialista;Tecnica;Espirito Santo;Vitoria;ES;Sudeste;CC-2300;CLT;40;2009-04-07;;17,5;EMP0107;Alan Guimaraes;Ativo;6.390,00;850,00;7.240,00;1.127,25;1.400,00;0,00;sim;nao;3;64,0;12;49;0;6;nao;Agencia de recrutamento
EMP0046;Cristina Almeida Ramos;498.181.835-10;1990-03-24;36;F;Divorciado(a);Ensino superior;1;cristina.ramos@coca-cola.com.br;Compras;Especialista em Compras;Especialista;Tecnica;Bahia;Salvador;BA;Nordeste;CC-5200;CLT;40;2023-03-25;;76,2;EMP0122;Olvia Moura Castro;Ativo;7.620,00;720,00;8.340,00;756,00;1.250,00;0,00;sim;nao;4;99,1;-13;;0;33;nao;Processo seletivo interno
EMP0047;Elias Dias Bezerra;097.608.189-00;1973-12-30;52;M;Viuvo(a);Ensino superior;1;elias.bezerra@coca-cola.com.br;Marketing;Especialista em Trade Marketing;Especialista;Tecnica;Brasilia e Entorno;Brasilia;DF;Centro-Oeste;CC-3100;CLT;40;2015-07-01;;11,2;EMP0151;Luiza Macedo Fonseca;Ativo;8.360,00;1.150,00;9.510,00;904,50;1.050,00;0,00;sim;nao;3;99,0;37;49;2;28;nao;Agencia de recrutamento
EMP0048;Rafaela Alves;247.970.813-60;1980-04-06;46;F;Solteiro(a);Ensino superior;0;rafaela.alves@coca-cola.com.br;Marketing;Especialista em Marketing Digital;Especialista;Tecnica;Maranhao;Sao Luis;MA;Nordeste;CC-5400;CLT;40;2024-03-12;;2,5;EMP0109;Samuel Lima;Ativo;7.870,00;1.090,00;8.960,00;590,00;1.050,00;0,00;sim;nao;4;86,7;69;43;4;13;nao;Indicacao de colega
EMP0049;Cristina Lima;099.537.729-40;2003-03-27;23;F;Uniao estavel;Ensino superior;2;cristina.lima@coca-cola.com.br;Comunicacao;Especialista em Comunicacao;Especialista;Tecnica;Brasilia e Entorno;Brasilia;DF;Centro-Oeste;CC-3100;CLT;40;2024-05-12;;2,4;EMP0135;Luciano Melo Fernandes;Ativo;10.180,00;1.220,00;11.400,00;1.190,00;1.000,00;0,00;sim;nao;3;121,2;55;34;3;24;nao;Indicacao de colega
EMP0050;Mariana Santana Martins;161.728.573-00;1985-04-03;41;F;Solteiro(a);Ensino superior;1;mariana.martins@coca-cola.com.br;Marketing;Especialista em Trade Marketing;Especialista;Tecnica;Grande Sao Paulo;Sao Paulo;SP;Sudeste;CC-1100;CLT;40;2023-07-19;;3,2;EMP0093;Vinicius Vieira;Ativo;8.370,00;1.320,00;9.690,00;1.134,00;1.300,00;0,00;sim;sim;2;110,0;33;71;7;6;nao;Universidade
EMP0051;Yasmin Freitas Carvalho;770.960.443-90;1997-01-12;29;F;Divorciado(a);Ensino superior;1;yasmin.carvalho@coca-cola.com.br;Comunicacao;Especialista em Comunicacao;Especialista;Tecnica;Grande Sao Paulo;Sao Paulo;SP;Sudeste;CC-1100;CLT;40;2019-04-03;;7,5;EMP0129;Marcos Machado Pereira;Ativo;8.420,00;880,00;9.300,00;0,00;1.250,00;0,00;nao;nao;4;146,7;61;75;0;25;nao;Banco de talentos
EMP0052;Patricia Marques Araujo;476.193.359-30;1968-09-12;58;F;Viuvo(a);Ensino superior;1;patricia.araujo@coca-cola.com.br;Marketing;Especialista em Trade Marketing;Especialista;Tecnica;Espirito Santo;Vitoria;ES;Sudeste;CC-2300;CLT;40;2020-03-14;;6,5;EMP0139;Luiz Nascimento Carvalho;Ativo;7.060,00;580,00;7.640,00;985,50;1.050,00;0,00;sim;sim;2;107,2;-32;55;2;17;nao;Feira de carreiras
EMP0053;Francisca Carvalho;498.895.064-60;1970-01-13;56;F;Divorciado(a);Ensino superior;0;francisca.carvalho@coca-cola.com.br;Comunicacao;Especialista em Comunicacao;Especialista;Tecnica;Interior de Sao Paulo;Campinas;SP;Sudeste;CC-1200;CLT;40;2016-10-04;;10,0;EMP0129;Marcos Machado Pereira;Ativo;8.490,00;1.450,00;9.940,00;560,00;1.400,00;0,00;sim;nao;3;63,0;23;62;1;25;nao;Universidade
EMP0054;Luiz Freitas Almeida;438.146.576-80;1994-11-07;31;M;Viuvo(a);Ensino superior;2;luiz.almeida@coca-cola.com.br;Marketing;Especialista em Marketing Digital;Especialista;Tecnica;Matriz - Sao Paulo;Sao Paulo;SP;Sudeste;CC-1000;CLT;40;2016-07-21;;10,2;EMP0151;Luiza Macedo Fonseca;Ativo;7.900,00;1.280,00;9.180,00;1.419,50;1.050,00;0,00;sim;nao;4;130,5;27;28;3;38;nao;Feira de carreiras
EMP0055;Nilton Nascimento;250.918.680-90;1972-04-27;54;M;Viuvo(a);Ensino superior;3;nilton.nascimento@coca-cola.com.br;Juridico;Especialista em Assuntos Regulatorios;Especialista;Tecnica;Santa Catarina;Florianopolis;SC;Sul;CC-4300;CLT;40;2013-09-10;;13,1;EMP0105;Clara Goncalves Santana;Ativo;9.210,00;1.350,00;10.560,00;1.148,00;1.350,00;0,00;sim;sim;3;95,2;35;35;5;4;nao;Indicacao de colega
EMP0056;Gabriela Santana Teixeira;58852279420;1977-06-07;49;F;Casado(a);Ensino superior;3;gabriela.teixeira@coca-cola.com.br;Atendimento;Especialista em Customer Service;Especialista;Tecnica;Parana;Curitiba;PR;Sul;CC-4100;CLT;40;2023-09-30;;3,0;EMP0115;Natalia Rocha;Ativo;7.590,00;970,00;8.560,00;1.855,25;1.400,00;0,00;sim;sim;2;116,8;50;50;1;28;nao;Banco de talentos
EMP0057;Thiago Farias;246.812.697-10;1973-10-12;52;M;Solteiro(a);Ensino superior;0;thiago.farias@coca-cola.com.br;Tecnologia da Informacao;Especialista em Governanca de Dados;Especialista;Tecnica;Ceara;Fortaleza;CE;Nordeste;CC-5300;CLT;40;2011-03-04;;15,6;EMP0099;Miguel Ferreira Castro;Ativo;12.100,00;1.680,00;13.780,00;485,00;1.250,00;0,00;sim;nao;4;80,0;10;44;1;5;nao;Indicacao de colega
EMP0058;Michele Teixeira;283.863.488-70;1988-10-16;37;F;Casado(a);Ensino superior;1;michele.teixeira@coca-cola.com.br;JURIDICO;Especialista em Assuntos Regulatorios;Especialista;Tecnica;Rio de Janeiro;Rio de Janeiro;RJ;Sudeste;CC-2100;CLT;40;2011-08-13;;15,1;EMP0086;Fatima Freitas;Ativo;8.890,00;1.540,00;10.430,00;0,00;1.000,00;0,00;nao;sim;4;90,2;7;42;1;33;nao;Feira de carreiras
EMP0059;Ricardo Andrade;665.978.129-30;2002-02-02;24;M;Casado(a);Ensino superior;2;ricardo.andrade@coca-cola.com.br;Tecnologia da Informacao;Especialista em Dados e Analytics;Especialista;Tecnica;Pernambuco;Recife;PE;Nordeste;CC-5100;CLT;40;2025-06-27;;1,3;EMP0099;Miguel Ferreira Castro;Ativo;10.610,00;1.340,00;11.950,00;0,00;1.350,00;0,00;nao;nao;4;112,7;-18;24;0;29;nao;Portal de carreiras
EMP0060;Mariana Dias;635.765.453-10;1994-06-16;32;F;Viuvo(a);Ensino superior;1;mariana.dias@coca-cola.com.br;Qualidade;Especialista em Saude e Seguranca do Trabalho;Especialista;Tecnica;Rio de Janeiro;Rio de Janeiro;RJ;Sudeste;CC-2100;CLT;40;2016-06-23;;10,3;EMP0085;Vitoria Barbosa Medeiros;Ativo;8.060,00;990,00;9.050,00;931,50;1.350,00;0,00;sim;nao;3;126,0;14;51;0;2;nao;Indicacao de colega
EMP0061;Paula Bezerra;202.132.690-00;1972-11-29;53;F;Casado(a);Ensino superior;3;paula.bezerra@coca-cola.com.br;Recursos Humanos;Especialista em Recrutamento;Especialista;Tecnica;Goias;Goiania;GO;Centro-Oeste;CC-3200;CLT;40;2016-04-14;;10,5;EMP0154;Talita Macedo;Ativo;8.200,00;700,00;8.900,00;1.527,25;1.000,00;0,00;sim;sim;4;122,4;66;76;4;19;nao;Processo seletivo interno
EMP0062;Diego Guimaraes;604.230.101-20;1968-06-09;58;M;Solteiro(a);Ensino superior;2;diego.guimaraes@coca-cola.com.br;Marketing;Especialista em Trade Marketing;Especialista;Tecnica;Rio de Janeiro;Rio de Janeiro;RJ;Sudeste;CC-2100;CLT;40;31/10/2025;;0,9;EMP0125;Vanessa Barbosa;Ativo;7.920,00;1.410,00;9.330,00;714,00;1.050,00;0,00;sim;sim;4;94,6;52;25;2;29;nao;Banco de talentos
EMP0063;Diego Barbosa;339.593.018-10;1988-10-07;37;M;Viuvo(a);Ensino superior;0;diego.barbosa@coca-cola.com.br;Financeiro;Especialista em Financas;Especialista;Tecnica;Santa Catarina;Florianopolis;SC;Sul;CC-4300;CLT;40;2014-07-09;;12,2;EMP0141;Sandra Goncalves Bezerra;Ativo;7.400,00;740,00;8.140,00;960,00;950,00;0,00;sim;nao;3;137,4;37;53;2;29;nao;Feira de carreiras
EMP0064;Jose Lima;963.076.715-50;2002-07-15;24;M;Viuvo(a);Ensino superior;3;jose.lima@coca-cola.com.br;Compras;Especialista em Compras;Especialista;Tecnica;Minas Gerais;Belo Horizonte;MG;Sudeste;CC-2200;CLT;40;2026-07-10;;0,2;EMP0126;Juliana Santos Oliveira;Ativo em periodo de experiencia;11.070,00;1.250,00;12.320,00;1.834,75;1.200,00;0,00;sim;sim;4;128,7;-3;30;1;16;nao;Processo seletivo interno
EMP0065;Alice Souza Dias;226.450.427-70;1983-08-17;43;F;Divorciado(a);Ensino superior;2;alice.dias@coca-cola.com.br;Marketing;Especialista em Trade Marketing;Especialista;Tecnica;Para;Belem;PA;Norte;CC-6100;CLT;40;2025-01-03;;1,7;EMP0109;Samuel Lima;Ativo;7.870,00;1.110,00;8.980,00;1.028,50;1.000,00;0,00;sim;sim;5;136,7;49;72;1;33;nao;Agencia de recrutamento
EMP0066;Rosana Gomes;538.803.500-00;1991-03-29;35;F;Divorciado(a);Ensino superior;0;rosana.gomes@coca-cola.com.br;Atendimento;Especialista em Customer Service;Especialista;Tecnica;Pernambuco;Recife;PE;Nordeste;CC-5100;CLT;40;2020-09-16;;6,0;EMP0143;Edson Andrade;Ativo;6.630,00;780,00;7.410,00;530,00;1.000,00;0,00;sim;nao;3;114,8;28;69;1;23;nao;Indicacao de colega
EMP0067;Jose Bezerra Moura;636.479.019-40;1969-11-18;56;M;Viuvo(a);;0;jose.moura@coca-cola.com.br;Financeiro;Especialista em Financas;Especialista;Tecnica;Grande Sao Paulo;Sao Paulo;SP;Sudeste;CC-1100;CLT;40;2023-10-04;;3,0;EMP0123;Elias Macedo Moreira;Ativo;11.440,00;1.970,00;13.410,00;640,00;1.250,00;0,00;sim;nao;3;94,7;49;71;3;36;nao;Feira de carreiras
EMP0068;Heitor Santana;757.286.476-70;1990-06-19;36;M;Solteiro(a);Ensino superior;0;heitor.santana@coca-cola.com.br;Sustentabilidade;Especialista em Sustentabilidade;Especialista;Tecnica;Goias;Goiania;GO;Centro-Oeste;CC-3200;CLT;40;2016-07-18;2026-04-27;10,2;EMP0124;Leticia Medeiros Castro;Desligado;6.460,00;1.050,00;7.510,00;785,00;900,00;0,00;sim;sim;3;85,6;29;49;5;0;sim;Agencia de recrutamento
EMP0069;Francisco Xavier;608.664.411-00;1969-02-13;57;M;Divorciado(a);Ensino superior;2;francisco.xavier@coca-cola.com.br;Sustentabilidade;Especialista em Sustentabilidade;Especialista;Tecnica;Matriz - Sao Paulo;Sao Paulo;SP;Sudeste;CC-1000;CLT;40;2015-07-08;;11,2;EMP0094;Bianca Santana Ramos;Ativo;9.650,00;1.510,00;11.160,00;1.198,50;1.100,00;0,00;sim;nao;2;126,0;47;62;3;32;nao;Universidade
EMP0070;Debora Monteiro;985.875.703-40;1986-05-30;40;F;Solteiro(a);Ensino superior;3;debora.monteiro@coca-cola.com.br;Juridico;Especialista em Assuntos Regulatorios;Especialista;Tecnica;Ceara;Fortaleza;CE;Nordeste;CC-5300;CLT;40;2025-06-18;;1,3;EMP0105;Clara Goncalves Santana;Ativo;7.400,00;720,00;8.120,00;1.107,00;1.400,00;0,00;sim;nao;2;98,5;22;25;0;13;nao;Feira de carreiras
EMP0071;Nubia Duarte;181.921.791-40;1967-07-11;59;F;Uniao estavel;Ensino superior;3;nubia.duarte@coca-cola.com.br;Qualidade;Especialista em Saude e Seguranca do Trabalho;Especialista;Tecnica;Mato Grosso;Cuiaba;MT;Centro-Oeste;CC-3300;CLT;0;2006-01-08;;20,7;EMP0085;Vitoria Barbosa Medeiros;Ativo;9.680,00;1.250,00;10.930,00;0,00;1.450,00;0,00;nao;sim;3;128,7;6;27;5;32;nao;Feira de carreiras
EMP0072;Geraldo Santana Mendes;715.571.060-10;01/02/1970;56;M;Divorciado(a);Ensino superior;0;geraldo.mendes@coca-cola.com.br;Marketing;Especialista em Marketing Digital;Especialista;Tecnica;Matriz - Sao Paulo;Sao Paulo;SP;Sudeste;CC-1000;CLT;40;2021-02-07;;5,6;EMP0087;Josefa Andrade;Afastado;8.080,00;1.150,00;9.230,00;705,00;1.050,00;0,00;sim;nao;4;84,5;56;59;2;102;nao;Feira de carreiras
EMP0073;Roberto Oliveira;173.800.286-10;1991-03-03;35;M;Uniao estavel;Ensino superior;1;roberto.oliveira@coca-cola.com.br;Sustentabilidade;Especialista em Sustentabilidade;Especialista;Tecnica;Pernambuco;Recife;PE;Nordeste;CC-5100;CLT;40;2023-05-18;;3,4;EMP0124;Leticia Medeiros Castro;Ativo;8.550,00;1.430,00;9.980,00;688,50;1.000,00;0,00;sim;nao;3;98,8;96;47;4;19;nao;Feira de carreiras
EMP0074;Fatima Bezerra;927.861.097-60;1966-07-23;60;F;Solteiro(a);Ensino superior;0;fatima.bezerra@coca-cola.com.br;Qualidade;Especialista em Saude e Seguranca do Trabalho;Especialista;Tecnica;Minas Gerais;Belo Horizonte;MG;Sudeste;CC-2200;CLT;40;2022-06-16;;4,3;EMP0085;Vitoria Barbosa Medeiros;Ativo;8.620,00;870,00;9.490,00;685,00;900,00;0,00;sim;nao;3;114,0;-21;86;2;9;nao;Universidade
EMP0075;Eliane Rocha;445.695.336-50;1979-06-08;47;F;Uniao estavel;Ensino superior;1;eliane.rocha@coca-cola.com.br;Comunicacao;Especialista em Comunicacao;Especialista;Tecnica;Espirito Santo;Vitoria;ES;Sudeste;CC-2300;CLT;40;2005-11-10;;20,9;EMP0129;Marcos Machado Pereira;Ativo;9.200,00;1.330,00;10.530,00;607,50;1.150,00;0,00;sim;nao;2;103,8;-19;65;3;20;nao;Banco de talentos
EMP0076;Alan Cardoso;661.421.408-00;2000-06-06;26;M;Viuvo(a);Ensino superior;2;alan.cardoso@coca-cola.com.br;Recursos Humanos;Especialista em Recrutamento;Especialista;Tecnica;Interior de Sao Paulo;Campinas;SP;Sudeste;CC-1200;CLT;40;2025-07-22;;1,2;EMP0142;Patricia Campos;Ativo;9.340,00;1.590,00;10.930,00;926,50;1.300,00;0,00;sim;sim;3;126,4;46;99;5;19;nao;Banco de talentos
EMP0077;Debora Andrade;064.435.305-80;1999-08-31;27;F;Solteiro(a);Ensino superior;2;debora.andrade@coca-cola.com.br;Marketing;Especialista em Trade Marketing;Especialista;Tecnica;Mato Grosso;Cuiaba;MT;Centro-Oeste;CC-3300;CLT;40;2023-09-16;;3,0;EMP0139;Luiz Nascimento Carvalho;Ativo;8.080,00;1.240,00;9.320,00;1.598,00;1.200,00;0,00;sim;nao;3;124,9;6;64;2;33;nao;Banco de talentos
EMP0078;Jonas Guimaraes Ramos;417.410.682-70;1991-10-21;34;M;Viuvo(a);Ensino superior;1;jonas.ramos@coca-cola.com.br;Qualidade;Especialista em Qualidade;Especialista;Tecnica;Bahia;Salvador;BA;Nordeste;CC-5200;CLT;40;2015-09-05;;11,1;EMP0090;Sergio Santana;Ativo;6.790,00;730,00;7.520,00;0,00;1.400,00;0,00;nao;sim;3;103,3;-16;39;1;20;nao;Agencia de recrutamento
EMP0079;Nubia Ramos;238.989.487-90;2001-03-02;25;F;Casado(a);Ensino superior;0;nubia.ramos@coca-cola.com.br;Tecnologia da Informacao;Analista de Dados;Analista;Analise;Grande Sao Paulo;Sao Paulo;SP;Sudeste;CC-1100;CLT;40;2022-11-04;;3,9;EMP0160;Beatriz Santos Rodrigues;Ativo;5.430,00;520,00;5.950,00;690,00;1.400,00;280,00;sim;nao;5;97,6;41;;2;29;nao;Portal de carreiras
EMP0080;Sara Medeiros;612.916.591-90;1983-08-16;43;F;Casado(a);Ensino superior;1;sara.medeiros@coca-cola.com.br;Vendas;Analista de Vendas;Analista;Analise;Interior de Sao Paulo;Campinas;SP;Sudeste;CC-1200;CLT;40;2024-06-12;;2,3;EMP0164;Elias Souza Bastos;Ativo;7.180,00;350,00;7.530,00;911,25;1.400,00;345,00;sim;nao;3;108,4;35;64;3;31;nao;Indicacao de colega
EMP0081;Sabrina Lopes;903.675.683-90;2000-02-14;26;F;Casado(a);Ensino superior;1;sabrina.lopes@coca-cola.com.br;Vendas;Analista de Vendas;Analista;Analise;Grande Sao Paulo;Sao Paulo;SP;Sudeste;CC-1100;CLT;40;2024-11-27;;1,8;EMP0164;Elias Souza Bastos;Ativo;8.190,00;950,00;9.140,00;580,50;1.400,00;255,00;sim;nao;3;82,3;50;29;1;18;nao;Indicacao de colega
EMP0082;Beatriz Macedo;592.889.774-00;2001-05-23;25;F;Solteiro(a);Ensino superior;0;beatriz.macedo@coca-cola.com.br;Vendas;Analista de Vendas;Analista;Analise;Brasilia e Entorno;Brasilia;DF;Centro-Oeste;CC-3100;CLT;40;2025-12-10;;0,8;EMP0159;Gustavo Nunes;Ativo;5.220,00;330,00;5.550,00;935,00;1.150,00;385,00;sim;nao;4;113,8;55;9;4;34;nao;Portal de carreiras
EMP0083;Alice Martins Oliveira;310.742.829-90;1985-01-28;41;F;Viuvo(a);Ensino superior;1;alice.oliveira@coca-cola.com.br;Qualidade;Analista de Qualidade;Analista;Analise;Matriz - Sao Paulo;Sao Paulo;SP;Sudeste;CC-1000;CLT;40;2019-02-14;;7,6;EMP0181;Ricardo Martins;Ativo;5.890,00;260,00;6.150,00;681,75;950,00;350,00;sim;nao;3;136,4;78;63;3;28;nao;Processo seletivo interno
EMP0084;Andre Barbosa Bastos;523.800.562-80;1982-10-20;43;M;Divorciado(a);Ensino superior;1;andre.bastos@coca-cola.com.br;Financeiro;Analista Financeiro;Analista;Analise;Matriz - Sao Paulo;Sao Paulo;SP;Sudeste;CC-1000;CLT;40;2025-12-11;2026-06-09;0,8;EMP0175;Gabriel Lima Lopes;Desligado;5.290,00;440,00;5.730,00;1.188,00;900,00;285,00;sim;nao;3;89,2;25;47;4;0;sim;Portal de carreiras
EMP0085;Vitoria Barbosa Medeiros;015.702.620-50;1997-12-21;28;F;Solteiro(a);Ensino superior;1;vitoria.medeiros@coca-cola.com.br;Qualidade;analista de qualidade;Analista;Analise;Espirito Santo;Vitoria;ES;Sudeste;CC-2300;CLT;40;2024-05-13;;2,4;EMP0181;Ricardo Martins;Ativo;3.750,00;150,00;3.900,00;0,00;1.050,00;0,00;nao;nao;3;320,0;10;60;1;4;nao;Processo seletivo interno
EMP0086;Fatima Freitas;136.095.149-00;1977-06-01;49;F;Divorciado(a);Ensino superior;1;fatima.freitas@coca-cola.com.br;Juridico;Analista Juridico;Analista;Analise;Bahia;Salvador;BA;Nordeste;CC-5200;CLT;40;2022-08-31;;4,1;EMP0157;Ingrid Monteiro;Ativo;6.200,00;340,00;6.540,00;857,25;1.250,00;245,00;sim;nao;3;82,3;-15;47;0;29;nao;Agencia de recrutamento
EMP0087;Josefa Andrade;796.902.756-30;1997-07-24;29;F;Uniao estavel;Ensino superior;1;josefa.andrade@coca-cola.com.br;Marketing;Analista de Marketing;Analista;Analise;Brasilia e Entorno;Brasilia;DF;Centro-Oeste;CC-3100;CLT;40;2024-12-05;2025-12-13;1,8;EMP0175;Gabriel Lima Lopes;Desligado;7.090,00;840,00;7.930,00;1.208,25;1.350,00;295,00;sim;nao;3;100,3;82;0;2;0;sim;Processo seletivo interno
EMP0088;Priscila Santos Fernandes;125.696.832-30;1997-02-03;29;F;Divorciado(a);Ensino superior;3;priscila.fernandes@coca-cola.com.br;Atendimento;Analista de Atendimento ao Consumidor;Analista;Analise;Interior de Sao Paulo;Campinas;SP;Sudeste;CC-1200;CLT;40;2020-01-06;;6,7;EMP0182;Renata Dias;Ativo;6.410,00;690,00;7.100,00;1.732,25;1.400,00;380,00;sim;nao;3;131,7;14;51;0;44;nao;Processo seletivo interno
EMP0089;Bruno Xavier Almeida;563.674.337-80;1980-07-13;46;M;Divorciado(a);Ensino superior;2;bruno.almeida@coca-cola.com.br;Vendas;Analista de Vendas;Analista;Analise;Interior de Sao Paulo;Campinas;SP;Sudeste;CC-1200;CLT;40;2021-10-29;;4,9;EMP0185;Isabel Dias;Ativo;-4.500,00;540,00;-4.500,00;731,00;1.250,00;315,00;sim;nao;3;86,6;39;6;5;25;nao;Feira de carreiras
EMP0090;Sergio Santana;669.461.683-00;1999-04-10;27;M;Casado(a);Ensino superior;1;sergio.santana@coca-cola.com.br;Qualidade;Analista de Qualidade;Analista;Analise;Para;Belem;PA;Norte;CC-6100;CLT;40;2024-10-24;;1,9;EMP0168;Rodrigo Bezerra;Ativo;4.530,00;290,00;4.820,00;1.053,00;1.350,00;0,00;sim;nao;4;122,9;17;53;4;40;nao;Processo seletivo interno
EMP0091;Cristina Alves;825.913.068-80;1969-05-14;57;F;Solteiro(a);Ensino superior;1;cristina.alves@coca-cola.com.br;Vendas;Analista de Vendas;Analista;Analise;Interior de Sao Paulo;Campinas;SP;Sudeste;CC-1200;CLT;40;2025-06-30;;1,2;EMP0173;Rosana Teixeira;Ativo;8.060,00;790,00;8.850,00;0,00;1.250,00;250,00;nao;nao;4;107,3;25;34;1;17;nao;Universidade
EMP0092;Leandro Nascimento Moreira;367.956.091-50;1969-09-12;57;M;Solteiro(a);Ensino superior;0;leandro.moreira@coca-cola.com.br;Tecnologia da Informacao;Analista de Dados;Analista;Analise;Rio Grande do Sul;Porto Alegre;RS;Sul;CC-4200;CLT;40;2022-11-14;;3,9;EMP0178;Daniel Macedo;Afastado;6.190,00;;6.910,00;970,00;950,00;0,00;sim;nao;3;86,6;42;32;1;14;nao;Agencia de recrutamento
EMP0093;Vinicius Vieira;181.843.812-70;1998-09-13;28;M;Divorciado(a);Ensino superior;2;vinicius.vieira@coca-cola.com.br;Marketing;Analista de Marketing;Analista;Analise;Minas Gerais;Belo Horizonte;MG;Sudeste;CC-2200;CLT;40;2020-06-29;;6,3;EMP0188;Diego Bezerra Lima;Ativo;6.110,00;410,00;6.520,00;0,00;1.050,00;285,00;nao;nao;4;89,3;14;28;0;21;nao;Agencia de recrutamento
EMP0094;Bianca Santana Ramos;294.509.862-80;1970-03-12;56;F;Casado(a);Ensino superior;0;bianca.ramos@coca-cola.com.br;SUSTENTABILIDADE;Analista de Sustentabilidade;Analista;Analise;Rio de Janeiro;Rio de Janeiro;RJ;Sudeste;CC-2100;CLT;40;2019-08-08;;7,1;EMP0185;Isabel Dias;Ativo;4.200,00;320,00;4.520,00;685,00;1.250,00;280,00;sim;nao;2;112,0;42;32;5;33;nao;Feira de carreiras
EMP0095;Vinicius Fonseca;340.784.845-50;1983-02-13;43;M;Divorciado(a);Ensino superior;1;vinicius.fonseca@coca-cola.com.br;Tecnologia da Informacao;Analista de Dados;Analista;Analise;Santa Catarina;Florianopolis;SC;Sul;CC-4300;CLT;40;2021-12-14;2025-11-10;4,8;EMP0177;Francisco Santos;Desligado;7.110,00;290,00;7.400,00;742,50;1.300,00;0,00;sim;nao;4;92,0;-8;18;5;0;sim;Agencia de recrutamento
EMP0096;Giliane Guimaraes;012.997.181-20;1998-07-03;28;F;Viuvo(a);Ensino superior;1;giliane.guimaraes@coca-cola.com.br;Vendas;Analista de Vendas;Analista;Analise;Rio Grande do Sul;Porto Alegre;RS;Sul;CC-4200;CLT;40;2023-08-08;;3,1;EMP0167;Fatima Pinheiro;Ativo;5.770,00;340,00;6.110,00;1.262,25;1.000,00;0,00;sim;nao;3;121,4;-11;66;1;31;nao;Indicacao de colega
EMP0097;Renata Pinto Freitas;414.354.163-70;1980-05-10;46;F;Solteiro(a);Ensino superior;1;renata.freitas@coca-cola.com.br;Vendas;Analista de Vendas;Analista;Analise;Rio de Janeiro;Rio de Janeiro;RJ;Sudeste;CC-2100;CLT;40;2017-05-01;;9,4;EMP0173;Rosana Teixeira;Ativo;5.190,00;390,00;5.580,00;891,00;950,00;340,00;sim;nao;5;73,6;3;3;6;25;nao;Banco de talentos
EMP0098;Marcos Silva;585.625.956-40;1968-05-02;58;M;Uniao estavel;Ensino superior;1;marcos.silva@coca-cola.com.br;Logistica;Analista de Distribuicao;Analista;Analise;Brasilia e Entorno;Brasilia;DF;Centro-Oeste;CC-3100;CLT;40;2012-01-21;;14,7;EMP0170;Geraldo Alves Guimaraes;Ativo;5.370,00;430,00;5.800,00;924,75;1.350,00;290,00;sim;nao;3;84,9;-5;25;4;36;nao;Feira de carreiras
EMP0099;Miguel Ferreira Castro;958.814.615-10;1993-12-24;32;M;Viuvo(a);Ensino superior;0;miguel.castro@coca-cola.com.br;Tecnologia da Informacao;Analista de Dados;Analista;Analise;Brasilia e Entorno;Brasilia;DF;Centro-Oeste;CC-3100;CLT;40;2019-12-17;;6,8;EMP0186;Paulo Correia Machado;Ativo;7.020,00;430,00;7.450,00;745,00;950,00;370,00;sim;nao;3;107,7;22;34;3;25;nao;Universidade
EMP0100;Pedro Goncalves;555.758.860-40;28/04/2004;22;M;Viuvo(a);Ensino superior;2;joao.azevedo@coca-cola.com.br;Atendimento;Analista de Atendimento ao Consumidor;Analista;Analise;Grande Sao Paulo;Sao Paulo;SP;Sudeste;CC-1100;CLT;40;2026-08-31;;0,1;EMP0169;Rafaela Rodrigues Macedo;Ativo em periodo de experiencia;5.700,00;530,00;6.230,00;1.054,00;1.100,00;370,00;sim;nao;3;118,6;61;42;3;20;nao;Portal de carreiras
EMP0101;Joao Azevedo;690.378.783-60;1981-08-13;45;M;Viuvo(a);Ensino superior;2;joao.azevedo@coca-cola.com.br;Tecnologia da Informacao;Analista de Dados;Analista;Analise;Matriz - Sao Paulo;Sao Paulo;SP;Sudeste;CC-1000;CLT;40;2026-07-08;;0,2;EMP0181;Ricardo Martins;Ativo em periodo de experiencia;7.300,00;640,00;7.940,00;0,00;1.350,00;315,00;nao;nao;3;86,6;37;53;5;22;nao;Indicacao de colega
EMP0102;Laurinha Gomes;704.124.028-20;2001-11-09;24;F;Solteiro(a);Ensino superior;1;laurinha.gomes@coca-cola.com.br;Financeiro;Analista Financeiro;Analista;Analise;Amazonas;Manaus;AM;Norte;CC-6200;CLT;40;2025-12-07;;0,8;EMP0158;Edson Silva Vieira;Ativo;6.550,00;740,00;7.290,00;627,75;1.100,00;0,00;sim;nao;5;127,9;50;62;2;20;nao;Universidade
EMP0103;Joao Nascimento;691.657.000-80;1975-10-21;50;M;Solteiro(a);Ensino superior;1;joao.nascimento@coca-cola.com.br;Vendas;Analista de Vendas;Analista;Analise;Minas Gerais;Belo Horizonte;MG;Sudeste;CC-2200;CLT;40;2021-04-04;;5,5;EMP0164;Elias Souza Bastos;Ativo;4.860,00;540,00;5.400,00;1.080,00;1.000,00;330,00;sim;nao;3;100,8;14;50;0;19;nao;Indicacao de colega
EMP0104;Talita Castro;188.261.859-90;1975-09-23;51;F;Uniao estavel;Ensino superior;1;talita.castro@coca-cola.com.br;Marketing;Analista de Marketing;Analista;Analise;Maranhao;Sao Luis;MA;Nordeste;CC-5400;CLT;40;2022-04-14;;4,5;EMP0174;Vitoria Rocha Pereira;Ativo;4.920,00;370,00;5.290,00;978,75;1.450,00;0,00;sim;nao;4;96,4;56;45;0;30;nao;Agencia de recrutamento
EMP0105;Clara Goncalves Santana;682.455.300-00;1966-10-29;59;F;Viuvo(a);Ensino superior;0;clara.santana@coca-cola.com.br;Juridico;Analista Juridico;Analista;Analise;Minas Gerais;Belo Horizonte;MG;Sudeste;CC-2200;CLT;40;2008-11-26;;17,8;EMP0169;Rafaela Rodrigues Macedo;Ativo;6.240,00;740,00;6.980,00;585,00;950,00;355,00;sim;nao;4;69,3;27;55;4;30;nao;Processo seletivo interno
EMP0106;Diego Correia Castro;148.475.535-90;1972-10-15;53;M;Casado(a);Ensino superior;1;diego.castro@coca-cola.com.br;Vendas;Analista de Vendas;Analista;Analise;Goias;Goiania;GO;Centro-Oeste;CC-3200;CLT;40;2021-05-02;;5,4;EMP0172;Francisca Melo;Ativo;4.490,00;410,00;4.900,00;1.296,00;900,00;0,00;sim;nao;3;98,0;48;60;5;11;nao;Indicacao de colega
EMP0107;Alan Guimaraes;165.385.381-60;1972-12-27;53;M;Casado(a);Ensino superior;1;alan.guimaraes@coca-cola.com.br;Logistica;Analista de Logistica;Analista;Analise;Brasilia e Entorno;Brasilia;DF;Centro-Oeste;CC-3100;CLT;40;2011-03-26;;15,5;EMP0174;Vitoria Rocha Pereira;Ativo;5.040,00;600,00;5.640,00;1.302,75;1.000,00;235,00;sim;nao;3;119,8;65;51;1;25;nao;Banco de talentos
EMP0108;Mateus Machado;647.391.783-70;1989-04-09;37;M;Viuvo(a);Ensino superior;2;mateus.machado@coca-cola.com.br;Financeiro;Analista Financeiro;Analista;Analise;Grande Sao Paulo;Sao Paulo;SP;Sudeste;CC-1100;CLT;40;2022-03-27;;4,5;EMP0175;Gabriel Lima Lopes;Afastado;7.890,00;740,00;8.630,00;1.020,00;1.150,00;275,00;sim;nao;3;137,2;23;76;4;29;nao;Indicacao de colega
EMP0109;Samuel Lima;277.698.169-40;1999-09-18;27;M;Divorciado(a);Ensino superior;1;samuel.lima@coca-cola.com.br;Marketing;Analista de Marketing;Analista;Analise;Grande Sao Paulo;Sao Paulo;SP;Sudeste;CC-1100;CLT;40;2023-10-23;;2,9;EMP0161;Olivia Rodrigues;Ativo;7.550,00;620,00;8.170,00;870,75;1.200,00;340,00;sim;nao;3;102,4;;42;3;41;nao;Processo seletivo interno
EMP0110;Helena Castro;574.403.420-00;1999-05-04;27;F;Casado(a);Ensino superior;0;helena.castro@coca-cola.com.br;Vendas;Analista de Vendas;Analista;Analise;Grande Sao Paulo;Sao Paulo;SP;Sudeste;CC-1100;CLT;40;2022-11-21;;3,9;EMP0164;Elias Souza Bastos;Ativo;6.390,00;420,00;6.810,00;455,00;1.000,00;315,00;sim;nao;4;59,6;64;43;4;23;nao;Banco de talentos
EMP0111;Tatiana Silva;735.850.847-50;1992-02-06;34;F;Divorciado(a);Ensino superior;1;tatiana.silva@coca-cola.com.br;Tecnologia da Informacao;Analista de Dados;Analista;Analise;Minas Gerais;Belo Horizonte;MG;Sudeste;CC-2200;CLT;40;2013-08-01;;13,2;EMP0169;Rafaela Rodrigues Macedo;Ativo;7.430,00;840,00;8.270,00;1.255,50;1.050,00;240,00;sim;nao;3;106,3;60;12;2;22;nao;Agencia de recrutamento
EMP0112;Daniela Alves Goncalves;143.555.748-40;1987-07-29;39;F;Divorciado(a);Ensino superior;3;daniela.goncalves@coca-cola.com.br;Vendas;Analista de Vendas;Analista;Analise;Santa Catarina;Florianopolis;SC;Sul;CC-4300;CLT;40;2019-10-15;;7,0;EMP0180;Samuel Rodrigues;Ativo;6,7;790,00;7.470,00;1.301,75;1.000,00;0,00;sim;nao;2;100,6;29;28;1;33;nao;Banco de talentos
EMP0113;Luiz Pinto Fernandes;592.819.365-30;2002-01-16;24;M;Viuvo(a);Ensino superior;1;luiz.fernandes@coca-cola.com.br;Logistica;Analista de Distribuicao;Analista;Analise;Rio de Janeiro;Rio de Janeiro;RJ;Sudeste;CC-2100;CLT;40;2025-05-29;2026-09-09;1,3;EMP0176;Renata Castro;Desligado;4.420,00;180,00;4.600,00;0,00;1.350,00;355,00;nao;nao;3;76,8;31;40;2;0;sim;Banco de talentos
EMP0114;Cristina Almeida Silva;625.504.521-80;1982-08-20;44;F;Uniao estavel;Ensino superior;0;cristina.silva@coca-cola.com.br;Recursos Humanos;Analista de RH;Analista;Analise;Grande Sao Paulo;Sao Paulo;SP;Sudeste;CC-1100;CLT;40;2018-09-13;;8,0;EMP0179;Vinicius Melo Machado;Ativo;4.770,00;440,00;5.210,00;955,00;1.350,00;245,00;sim;nao;3;111,9;6;31;0;26;nao;Feira de carreiras
EMP0115;Natalia Rocha;927.149.850-00;2003-10-18;22;F;Solteiro(a);Ensino superior;3;natalia.rocha@coca-cola.com.br;Atendimento;Analista de Atendimento ao Consumidor;Analista;Analise;Rio Grande do Sul;Porto Alegre;RS;Sul;CC-4200;CLT;40;2026-01-23;;0,7;EMP0162;Jonas Melo Farias;Ativo;5.040,00;290,00;5.330,00;1.271,00;1.000,00;0,00;sim;nao;3;87,8;6;38;5;129;nao;Agencia de recrutamento
EMP0116;Heitor Carvalho;913.467.751-80;1972-08-31;54;M;Uniao estavel;Ensino superior;1;heitor.carvalho@coca-cola.com.br;Logistica;Analista de Distribuicao;Analista;Analise;Mato Grosso;Cuiaba;MT;Centro-Oeste;CC-3300;CLT;40;2015-02-16;;11,6;EMP0174;Vitoria Rocha Pereira;Ativo;4.070,00;310,00;4.380,00;992,25;1.150,00;0,00;sim;nao;3;67,1;55;60;47;16;nao;Agencia de recrutamento
EMP0117;Nubia Araujo Mendes;909.030.021-00;1973-01-17;53;F;Divorciado(a);Ensino superior;0;nubia.mendes@coca-cola.com.br;Tecnologia da Informacao;Analista de Sistemas;Analista;Analise;Parana;Curitiba;PR;Sul;CC-4100;CLT;40;2020-03-18;;6,5;EMP0163;Ivo Dias;Ativo;6.030,00;410,00;6.440,00;500,00;1.450,00;0,00;sim;nao;2;88,2;12;78;2;27;nao;Banco de talentos
EMP0118;Rafael Correia;938.500.926-50;1973-03-18;53;M;Casado(a);Ensino superior;2;rafael.correia@coca-cola.com.br;Logistica;Analista de Distribuicao;Analista;Analise;Grande Sao Paulo;Sao Paulo;SP;Sudeste;CC-1100;CLT;40;2007-02-23;;19,6;EMP0178;Daniel Macedo;Ativo;6.410,00;540,00;6.950,00;1.249,50;1.050,00;345,00;sim;nao;4;116,7;-11;65;4;29;nao;Agencia de recrutamento
EMP0119;Valentina Xavier;400.250.013-60;1986-03-01;40;F;Viuvo(a);Ensino superior;2;valentina.xavier@coca-cola.com.br;Logistica;Analista de Logistica;Analista;Analise;Bahia;Salvador;BA;Nordeste;CC-5200;CLT;40;26/06/2021;;5,3;EMP0178;Daniel Macedo;Ativo;3.590,00;330,00;3.920,00;892,50;900,00;375,00;sim;nao;3;71,0;-38;39;1;22;nao;Feira de carreiras
EMP0120;Paulo Campos;464.934.636-30;1997-07-06;29;M;Divorciado(a);Ensino superior;3;paulo.campos@coca-cola.com.br;Recursos Humanos;Analista de RH;Analista;Analise;Rio de Janeiro;Rio de Janeiro;RJ;Sudeste;CC-2100;CLT;40;2021-11-28;;4,8;EMP0179;Vinicius Melo Machado;Ativo;5.660,00;500,00;6.160,00;1.076,25;1.400,00;285,00;sim;nao;3;113,8;55;53;3;28;nao;Portal de carreiras
EMP0121;Sofia Pereira;799.157.717-10;1979-09-23;47;F;Casado(a);Ensino superior;2;sofia.pereira@coca-cola.com.br;Tecnologia da Informacao;Analista de Sistemas;Analista;Analise;Matriz - Sao Paulo;Sao Paulo;SP;Sudeste;CC-1000;CLT;40;2007-10-15;;19,0;EMP0181;Ricardo Martins;Ativo;6.310,00;690,00;7.000,00;773,50;950,00;310,00;sim;nao;4;89,2;-17;48;3;20;nao;Universidade
EMP0122;Olvia Moura Castro;168.479.962-70;1982-10-22;43;F;Viuvo(a);Ensino superior;1;olvia.castro@coca-cola.com.br;Compras;Analista de Compras;Analista;Analise;Rio de Janeiro;Rio de Janeiro;RJ;Sudeste;CC-2100;CLT;40;2025-02-11;;1,6;EMP0157;Ingrid Monteiro;Ativo;7.870,00;820,00;8.690,00;600,75;1.250,00;315,00;sim;nao;2;92,3;-22;51;1;17;nao;Banco de talentos
EMP0123;Elias Macedo Moreira;097.299.062-30;02/06/1996;30;M;Solteiro(a);Ensino superior;1;elias.moreira@coca-cola.com.br;Financeiro;Analista Financeiro;Analista;Analise;Espirito Santo;Vitoria;ES;Sudeste;CC-2300;CLT;40;2026-01-12;;0,7;EMP0158;Edson Silva Vieira;Ativo;6.590,00;700,00;7.290,00;0,00;1.000,00;0,00;nao;nao;3;109,6;24;73;0;19;nao;Portal de carreiras
EMP0124;Leticia Medeiros Castro;568.422.551-90;2004-08-27;22;F;Solteiro(a);Ensino superior;0;leticia.castro@coca-cola.com.br;Sustentabilidade;Analista de Sustentabilidade;Analista;Analise;Espirito Santo;Vitoria;ES;Sudeste;CC-2300;CLT;40;2025-12-14;;0,8;EMP0167;Fatima Pinheiro;Ativo;4.220,00;420,00;4.640,00;825,00;1.300,00;0,00;sim;nao;3;98,7;7;76;0;30;nao;Processo seletivo interno
EMP0125;Vanessa Barbosa;957.837.039-30;1977-09-09;49;F;Divorciado(a);Ensino superior;1;vanessa.barbosa@coca-cola.com.br;Marketing;Analista de Marketing;Analista;Analise;Matriz - Sao Paulo;Sao Paulo;SP;Sudeste;CC-1000;CLT;40;2022-06-30;;4,2;EMP0181;Ricardo Martins;Ativo;6.670,00;510,00;7.180,00;708,75;1.150,00;255,00;sim;nao;4;72,6;42;28;5;6;nao;Feira de carreiras
EMP0126;Juliana Santos Oliveira;758.519.891-40;1981-10-06;44;F;Uniao estavel;Ensino superior;1;juliana.oliveira@coca-cola.com.br;Compras;Analista de Compras;Analista;Analise;Minas Gerais;Belo Horizonte;MG;Sudeste;CC-2200;CLT;40;2019-05-09;;7,4;EMP0188;Diego Bezerra Lima;Ativo;5.680,00;320,00;6.000,00;648,00;1.350,00;285,00;sim;nao;4;106,7;-28;80;3;24;nao;Feira de carreiras
EMP0127;Marcelo Guimaraes Santana;644.882.993-80;2004-06-13;22;M;Viuvo(a);Ensino superior;0;marcelo.santana@coca-cola.com.br;Vendas;Analista de Vendas;Analista;Analise;Goias;Goiania;GO;Centro-Oeste;CC-3200;CLT;40;2025-07-03;;1,2;EMP0164;Elias Souza Bastos;Ativo;6.730,00;570,00;7.300,00;640,00;950,00;0,00;sim;nao;4;96,7;35;46;3;29;nao;Banco de talentos
EMP0128;Miguel Fernandes Rocha;239.074.069-30;1989-11-07;36;M;Solteiro(a);Ensino superior;2;miguel.rocha@coca-cola.com.br;Logistica;Analista de Distribuicao;Analista;Analise;Grande Sao Paulo;Sao Paulo;SP;Sudeste;CC-1100;CLT;40;2023-04-23;;3,4;EMP0176;Renata Castro;Ativo;6.100,00;440,00;6.540,00;1.164,50;900,00;350,00;sim;nao;4;90,9;30;31;5;40;nao;Banco de talentos
EMP0129;Marcos Machado Pereira;193.310.914-90;1975-06-18;51;M;Uniao estavel;Ensino superior;1;marcos.pereira@coca-cola.com.br;Comunicacao;Analista de Comunicacao;Analista;Analise;Matriz - Sao Paulo;Sao Paulo;SP;Sudeste;CC-1000;CLT;40;2018-11-20;2019-03-04;7,9;EMP0161;Olivia Rodrigues;Desligado;6.970,00;790,00;7.760,00;742,50;1.200,00;300,00;sim;nao;4;137,9;41;86;4;0;sim;Agencia de recrutamento
EMP0130;Aline Monteiro;880.252.741-50;1984-12-18;41;F;Viuvo(a);Ensino superior;0;aline.monteiro@coca-cola.com.br;VENDAS;Analista de Vendas;Analista;Analise;Ceara;Fortaleza;CE;Nordeste;CC-5300;CLT;40;2008-06-20;;18,3;EMP0164;Elias Souza Bastos;Ativo;6.640,00;550,00;7.190,00;870,00;1.050,00;265,00;sim;nao;4;136,4;25;78;2;30;nao;Indicacao de colega
EMP0131;Carolina Souza;925.908.075-40;1988-05-23;38;F;Solteiro(a);Ensino superior;0;carolina.souza@coca-cola.com.br;Qualidade;Analista de Qualidade;Analista;Analise;Espirito Santo;Vitoria;ES;Sudeste;CC-2300;CLT;40;2022-06-04;;4,3;EMP0181;Ricardo Martins;Ativo;4.370,00;240,00;4.610,00;570,00;1.100,00;0,00;sim;nao;3;110,6;-1;49;1;37;nao;Agencia de recrutamento
EMP0132;Beatriz Mendes Marques;608.052.033-80;1992-08-06;34;F;Viuvo(a);Ensino superior;1;beatriz.marques@coca-cola.com.br;Tecnologia da Informacao;Analista de Sistemas;Analista;Analise;Matriz - Sao Paulo;Sao Paulo;SP;Sudeste;CC-1000;CLT;40;2021-04-16;;5,5;EMP0173;Rosana Teixeira;Ativo;5.970,00;580,00;6.550,00;0,00;900,00;245,00;nao;nao;3;101,8;-8;42;0;28;nao;Feira de carreiras
EMP0133;Roberto Fernandes;824.085.457-50;1994-07-09;32;M;Viuvo(a);Ensino superior;0;roberto.fernandes@coca-cola.com.br;Logistica;Analista de Distribuicao;Analista;Analise;Interior de Sao Paulo;Campinas;SP;Sudeste;CC-1200;CLT;40;2022-07-10;;4,2;EMP0178;Daniel Macedo;Ativo;5.830,00;670,00;6.500,00;515,00;1.450,00;375,00;sim;nao;3;110,8;12;44;0;21;nao;Agencia de recrutamento
EMP0134;Sabrina Cardoso;288.370.279-90;1988-07-22;38;F;Divorciado(a);Ensino superior;0;sabrina.cardoso@coca-cola.com.br;Recursos Humanos;Analista de RH;Analista;Analise;Ceara;Fortaleza;CE;Nordeste;CC-5300;CLT;40;2023-06-02;;3,3;EMP0179;Vinicius Melo Machado;Ativo;4.090,00;400,00;4.490,00;860,00;1.350,00;380,00;sim;nao;3;102,0;14;;4;26;nao;Banco de talentos
EMP0135;Luciano Melo Fernandes;434.943.250-70;1975-07-20;51;M;Divorciado(a);Ensino superior;3;luciano.fernandes@coca-cola.com.br;Comunicacao;Analista de Comunicacao;Analista;Analise;Amazonas;Manaus;AM;Norte;CC-6200;CLT;40;2005-11-11;;20,9;EMP0177;Francisco Santos;Afastado;5.100,00;430,00;5.530,00;1.230,00;1.150,00;0,00;sim;nao;3;96,3;40;47;5;79;nao;Banco de talentos
EMP0136;Ivo Aparecida;646.450.506-80;2000-10-10;25;M;Casado(a);Ensino superior;0;ivo.aparecida@coca-cola.com.br;Vendas;Analista de Vendas;Analista;Analise;Interior de Sao Paulo;Campinas;SP;Sudeste;CC-1200;CLT;40;2021-12-18;;4,8;EMP0167;Fatima Pinheiro;Ativo;6.690,00;670,00;7.360,00;620,00;1.250,00;290,00;sim;nao;3;77,8;15;43;0;34;nao;Feira de carreiras
EMP0137;Aline Goncalves Nunes;080.445.221-00;1974-06-19;52;F;Casado(a);Ensino superior;1;aline.nunes@coca-cola.com.br;Financeiro;Analista Financeiro;Analista;Analise;Pernambuco;Recife;PE;Nordeste;CC-5100;CLT;40;2016-12-08;;9,8;EMP0158;Edson Silva Vieira;Ativo;6.300,00;330,00;6.630,00;675,00;1.150,00;340,00;sim;nao;3;112,5;5;49;2;31;nao;Universidade
EMP0138;Olivia Bastos Ribeiro;42209005000;2001-12-18;24;F;Viuvo(a);Ensino superior;0;olivia.ribeiro@coca-cola.com.br;Vendas;Analista de Vendas;Analista;Analise;Rio de Janeiro;Rio de Janeiro;RJ;Sudeste;CC-2100;CLT;40;2024-07-10;2026-11-13;2,2;EMP0164;Elias Souza Bastos;Aviso previo;7.560,00;650,00;8.210,00;785,00;1.300,00;240,00;sim;nao;5;56,8;33;49;3;25;nao;Feira de carreiras
EMP0139;Luiz Nascimento Carvalho;420.599.170-30;2001-07-05;25;M;Viuvo(a);Ensino superior;3;luiz.carvalho@coca-cola.com.br;Marketing;Analista de Marketing;Analista;Analise;Minas Gerais;Belo Horizonte;MG;Sudeste;CC-2200;CLT;40;2023-01-16;;3,7;EMP0169;Rafaela Rodrigues Macedo;Ativo;4.230,00;440,00;4.670,00;0,00;1.000,00;305,00;nao;nao;2;118,0;-12;60;1;23;nao;Processo seletivo interno
EMP0140;Gustavo Bastos Silva;602.565.640-10;1972-04-13;54;M;Divorciado(a);Ensino superior;1;gustavo.silva@coca-cola.com.br;Tecnologia da Informacao;Analista de Sistemas;Analista;Analise;Matriz - Sao Paulo;Sao Paulo;SP;Sudeste;CC-1000;CLT;40;2018-07-28;;8,2;EMP0173;Rosana Teixeira;Ativo;7.240,00;560,00;7.800,00;789,75;1.250,00;345,00;sim;nao;3;117,5;46;72;2;25;nao;Processo seletivo interno
EMP0141;Sandra Goncalves Bezerra;117.389.188-90;1986-09-24;40;F;Solteiro(a);Ensino superior;2;sandra.bezerra@coca-cola.com.br;Financeiro;Analista Financeiro;Analista;Analise;Parana;Curitiba;PR;Sul;CC-4100;CLT;40;2018-08-06;;8,1;EMP0158;Edson Silva Vieira;Ativo;5.340,00;450,00;5.790,00;765,00;1.350,00;0,00;sim;nao;3;93,5;3;26;2;26;nao;Universidade
EMP0142;Patricia Campos;060.448.634-00;1987-05-12;39;F;Casado(a);;1;patricia.campos@coca-cola.com.br;Recursos Humanos;Analista de RH;Analista;Analise;Pernambuco;Recife;PE;Nordeste;CC-5100;CLT;40;2010-12-27;;15,8;EMP0179;Vinicius Melo Machado;Ativo;4.760,00;200,00;4.960,00;999,00;1.400,00;295,00;sim;nao;4;106,3;54;36;2;8;nao;Processo seletivo interno
EMP0143;Edson Andrade;225.061.705-80;1987-07-03;39;M;Viuvo(a);Ensino superior;1;edson.andrade@coca-cola.com.br;Atendimento;Analista de Atendimento ao Consumidor;Analista;Analise;Minas Gerais;Belo Horizonte;MG;Sudeste;CC-2200;CLT;40;2021-11-21;;4,9;EMP0182;Renata Dias;Ativo;6.020,00;270,00;6.290,00;654,75;1.150,00;280,00;sim;nao;3;101,4;30;0;3;36;nao;Feira de carreiras
EMP0144;Wagner Azevedo;015.302.971-40;1990-01-09;36;M;Divorciado(a);Ensino superior;0;wagner@gmail.com;Atendimento;Analista de Atendimento ao Consumidor;Analista;Analise;Mato Grosso;Cuiaba;MT;Centro-Oeste;CC-3300;CLT;40;2014-01-23;;12,7;EMP0162;Jonas Melo Farias;Ativo;3.110,00;250,00;3.360,00;0,00;1.350,00;0,00;nao;nao;4;131,9;19;48;0;21;nao;Universidade
EMP0145;Isadora Moura;584.116.666-20;1989-01-06;37;F;Viuvo(a);Ensino superior;1;isadora.moura@coca-cola.com.br;Vendas;Analista de Vendas;Analista;Analise;Santa Catarina;Florianopolis;SC;Sul;CC-4300;CLT;40;2011-02-23;2026-06-29;15,6;EMP0180;Samuel Rodrigues;Desligado;4.950,00;370,00;5.320,00;708,75;1.350,00;0,00;sim;nao;4;137,1;48;42;3;0;sim;Processo seletivo interno
EMP0146;Pedro Rocha Araujo;440.467.408-20;1981-05-26;45;M;Divorciado(a);Ensino superior;1;pedro.araujo@coca-cola.com.br;Tecnologia da Informacao;Analista de Sistemas;Analista;Analise;Matriz - Sao Paulo;Sao Paulo;SP;Sudeste;CC-1000;CLT;40;2020-09-01;;6,1;EMP0173;Rosana Teixeira;Ativo;6.030,00;590,00;6.620,00;627,75;1.300,00;310,00;sim;nao;5;95,9;-17;66;0;29;nao;Agencia de recrutamento
EMP0147;Antonio Cardoso;069.393.483-20;1993-03-30;33;M;Solteiro(a);Ensino superior;2;antonio.cardoso@coca-cola.com.br;Vendas;Analista de Vendas;Analista;Analise;Mato Grosso;Cuiaba;MT;Centro-Oeste;CC-3300;CLT;40;2020-01-25;2026-11-03;6,7;EMP0185;Isabel Dias;Aviso previo;5.900,00;240,00;6.140,00;1.207,00;1.400,00;0,00;sim;nao;3;82,7;37;37;2;32;nao;Universidade
EMP0148;Bruno Cardoso Rocha;438.305.567-20;1986-02-09;40;M;Divorciado(a);Ensino superior;2;bruno.rocha@coca-cola.com.br;Vendas;Analista de Vendas;Analista;Analise;Rio de Janeiro;Rio de Janeiro;RJ;Sudeste;CC-2100;CLT;40;2026-04-26;;0,4;EMP0180;Samuel Rodrigues;Ativo;7.420,00;770,00;8.190,00;1.555,50;1.400,00;280,00;sim;nao;3;79,1;49;66;0;6;nao;Banco de talentos
EMP0149;Wellington Santana Castro;310.492.026-50;1996-03-04;30;M;Divorciado(a);Ensino superior;2;wellington.castro@coca-cola.com.br;Vendas;Analista de Vendas;Analista;Analise;Grande Sao Paulo;Sao Paulo;SP;Sudeste;CC-1100;CLT;40;2021-01-01;;5,7;EMP0183;Sofia Freitas;Ativo;5.420,00;240,00;5.660,00;1.462,00;1.200,00;390,00;sim;nao;2;74,8;68;15;0;35;nao;Banco de talentos
EMP0150;Camila Marques;441.555.710-40;1966-08-17;60;F;Solteiro(a);Ensino superior;1;camila.marques@coca-cola.com.br;Logistica;Analista de Logistica;Analista;Analise;Ceara;Fortaleza;CE;Nordeste;CC-5300;CLT;40;2010-04-21;;16,4;EMP0174;Vitoria Rocha Pereira;Ativo;5.140,00;400,00;5.540,00;702,00;900,00;320,00;sim;nao;3;88,5;-29;6;6;31;nao;Processo seletivo interno
EMP0151;Luiza Macedo Fonseca;066.472.838-30;1999-09-19;27;F;Viuvo(a);Ensino superior;2;luiza.fonseca@coca-cola.com.br;Marketing;analista de marketing;Analista;Analise;Interior de Sao Paulo;Campinas;SP;Sudeste;CC-1200;CLT;40;2022-09-05;;4,1;EMP0170;Geraldo Alves Guimaraes;Ativo;4.730,00;250,00;4.980,00;1.241,00;900,00;235,00;sim;nao;4;74,1;-1;40;2;20;nao;Processo seletivo interno
EMP0152;Miguel Campos Monteiro;512.941.102-10;1999-11-01;26;M;Solteiro(a);Ensino superior;0;miguel.monteiro@coca-cola.com.br;Logistica;Analista de Logistica;Analista;Analise;Parana;Curitiba;PR;Sul;CC-4100;CLT;40;2021-11-14;;4,9;EMP0176;Renata Castro;Ativo;6.230,00;400,00;6.630,00;560,00;1.050,00;0,00;sim;nao;3;89,4;-2;65;4;1;nao;Agencia de recrutamento
EMP0153;Juliana Rocha;390.174.048-10;2001-05-21;25;F;Solteiro(a);Ensino superior;0;juliana.rocha@coca-cola.com.br;Recursos Humanos;Analista de RH;Analista;Analise;Interior de Sao Paulo;Campinas;SP;Sudeste;CC-1200;CLT;40;2024-05-29;;2,3;EMP0179;Vinicius Melo Machado;Ativo;6.550,00;;6.970,00;670,00;1.450,00;230,00;sim;nao;3;86,0;56;32;3;29;nao;Indicacao de colega
EMP0154;Talita Macedo;815.392.682-90;1967-03-31;59;F;Viuvo(a);Ensino superior;0;talita.macedo@coca-cola.com.br;Recursos Humanos;Analista de RH;Analista;Analise;Espirito Santo;Vitoria;ES;Sudeste;CC-2300;CLT;40;2025-05-14;;1,4;EMP0179;Vinicius Melo Machado;Ativo;6.560,00;530,00;7.090,00;550,00;900,00;0,00;sim;nao;3;128,8;39;84;4;13;nao;Feira de carreiras
EMP0155;Olivia Freitas;164.901.310-80;1983-02-15;43;F;Viuvo(a);Ensino superior;0;olivia.freitas@coca-cola.com.br;Logistica;Analista de Distribuicao;Analista;Analise;Minas Gerais;Belo Horizonte;MG;Sudeste;CC-2200;CLT;40;2021-08-20;;5,1;EMP0178;Daniel Macedo;Ativo;3.860,00;320,00;4.180,00;625,00;1.100,00;240,00;sim;nao;3;121,1;32;38;5;31;nao;Indicacao de colega
EMP0156;Marina Freitas Alves;531.093.734-00;1972-03-18;54;F;Viuvo(a);Ensino superior;1;marina.alves@coca-cola.com.br;Tecnologia da Informacao;Analista de Sistemas;Analista;Analise;Rio de Janeiro;Rio de Janeiro;RJ;Sudeste;CC-2100;CLT;40;2024-08-27;;2,1;EMP0168;Rodrigo Bezerra;Ativo;8.470,00;550,00;9.020,00;823,50;1.300,00;265,00;sim;nao;4;89,4;-31;15;4;29;nao;Processo seletivo interno
EMP0157;Ingrid Monteiro;080.903.305-40;1985-12-01;40;F;Divorciado(a);Ensino superior;2;ingrid.monteiro@coca-cola.com.br;Compras;Assistente de Compras;Assistente;Apoio;Bahia;Salvador;BA;Nordeste;CC-5200;CLT;40;2025-04-12;;1,5;EMP0193;Andre Freitas;Ativo;2.180,00;0,00;2.180,00;943,50;800,00;335,00;sim;nao;3;60,1;-1;50;3;30;nao;Processo seletivo interno
EMP0158;Edson Silva Vieira;204.565.891-00;2002-06-19;24;M;Uniao estavel;Ensino superior;0;edson.vieira@coca-cola.com.br;Financeiro;Assistente Financeiro;Assistente;Apoio;Interior de Sao Paulo;Campinas;SP;Sudeste;CC-1200;CLT;40;2023-07-29;;3,2;EMP0195;Douglas Santos;Ativo;3.510,00;0,00;3.510,00;615,00;800,00;280,00;sim;nao;3;79,1;0;70;5;31;nao;Agencia de recrutamento
EMP0159;Gustavo Nunes;924.817.121-40;1990-05-10;36;M;Viuvo(a);Ensino medio;0;gustavo.nunes@coca-cola.com.br;Vendas;Assistente de Vendas;Assistente;Apoio;Matriz - Sao Paulo;Sao Paulo;SP;Sudeste;CC-1000;CLT;40;2022-10-06;;4,0;EMP0200;Luciano Medeiros;Ativo;3.240,00;0,00;3.240,00;665,00;800,00;370,00;sim;nao;2;91,8;-17;3;4;41;nao;Feira de carreiras
EMP0160;Beatriz Santos Rodrigues;681.091.298-30;1997-03-09;29;F;Viuvo(a);Ensino medio;0;beatriz.rodrigues@coca-cola.com.br;Vendas;Assistente de Vendas;Assistente;Apoio;Grande Sao Paulo;Sao Paulo;SP;Sudeste;CC-1100;CLT;40;2025-07-11;;1,2;EMP0200;Luciano Medeiros;Ativo;3.230,00;0,00;3.230,00;495,00;800,00;350,00;sim;nao;3;56,5;45;38;3;31;nao;Universidade
EMP0161;Olivia Rodrigues;142.557.562-50;11/05/1974;52;F;Casado(a);Ensino superior;2;olivia.rodrigues@coca-cola.com.br;Comunicacao;Assistente de Comunicacao;Assistente;Apoio;Grande Sao Paulo;Sao Paulo;SP;Sudeste;CC-1100;CLT;40;2020-09-02;2026-03-17;6,1;EMP0198;Samuel Nunes Martins;Desligado;3.090,00;0,00;3.090,00;1.479,00;800,00;245,00;sim;nao;3;95,9;8;25;3;0;sim;Banco de talentos
EMP0162;Jonas Melo Farias;785.027.417-20;1990-08-08;36;M;Solteiro(a);Ensino medio;0;jonas.farias@coca-cola.com.br;Atendimento;Assistente de Atendimento ao Consumidor;Assistente;Apoio;Ceara;Fortaleza;CE;Nordeste;CC-5300;CLT;40;2022-08-15;;4,1;EMP0192;Bianca Mendes Araujo;Ativo;2.800,00;0,00;2.800,00;865,00;800,00;235,00;sim;nao;4;119,9;13;26;5;23;nao;Processo seletivo interno
EMP0163;Ivo Dias;617.337.894-90;1967-02-15;59;M;Casado(a);Ensino superior;1;ivo.dias@coca-cola.com.br;Atendimento;Assistente de Atendimento ao Consumidor;Assistente;Apoio;Parana;Curitiba;PR;Sul;CC-4100;CLT;40;2007-05-28;;19,3;EMP0200;Luciano Medeiros;Ativo;2.340,00;0,00;2.340,00;1.228,50;800,00;0,00;sim;nao;3;67,5;-46;42;0;35;nao;Portal de carreiras
EMP0164;Elias Souza Bastos;487.778.523-00;1972-11-08;53;M;Casado(a);Ensino superior;0;elias.bastos@coca-cola.com.br;Vendas;Assistente Administrativo;Assistente;Apoio;Rio de Janeiro;Rio de Janeiro;RJ;Sudeste;CC-2100;CLT;40;2021-03-24;;5,5;EMP0196;Lucas Monteiro;Afastado;2.480,00;0,00;2.480,00;790,00;800,00;255,00;sim;nao;3;114,8;58;6;3;45;nao;Banco de talentos
EMP0165;Leandro Santos;640.629.657-50;1992-10-30;33;M;Casado(a);Ensino superior;2;leandro.santos@coca-cola.com.br;Vendas;Assistente de Vendas;Assistente;Apoio;Ceara;Fortaleza;CE;Nordeste;CC-5300;CLT;40;2017-02-24;;9,6;EMP0199;Rafaela Duarte;Ativo;2.250,00;0,00;2.250,00;756,50;800,00;370,00;sim;nao;4;96,7;23;34;4;29;nao;Universidade
EMP0166;Emerson Vieira;065.372.959-60;1982-08-25;44;M;Viuvo(a);Ensino superior;0;emerson.vieira@coca-cola.com.br;VENDAS;Assistente de Vendas;Assistente;Apoio;Rio de Janeiro;Rio de Janeiro;RJ;Sudeste;CC-2100;CLT;40;2021-12-26;;4,8;EMP0200;Luciano Medeiros;Ativo;4.060,00;0,00;4.060,00;0,00;800,00;310,00;nao;nao;1;92,0;16;53;1;27;nao;Processo seletivo interno
EMP0167;Fatima Pinheiro;316.493.687-70;1978-01-12;48;F;Viuvo(a);Ensino medio;1;fatima.pinheiro@coca-cola.com.br;Vendas;Assistente de Vendas;Assistente;Apoio;Santa Catarina;Florianopolis;SC;Sul;CC-4300;CLT;40;2024-12-15;;1,8;EMP0200;Luciano Medeiros;Ativo;3.520,00;0,00;3.520,00;607,50;800,00;0,00;sim;nao;4;106,3;0;44;7;24;nao;Indicacao de colega
EMP0168;Rodrigo Bezerra;094.023.813-60;1992-09-04;34;M;Casado(a);Ensino superior;1;rodrigo.bezerra@coca-cola.com.br;Qualidade;Assistente de Qualidade;Assistente;Apoio;Rio de Janeiro;Rio de Janeiro;RJ;Sudeste;CC-2100;CLT;40;2022-04-08;;4,5;EMP0193;Andre Freitas;Ativo;3.070,00;0,00;3.070,00;884,25;800,00;270,00;sim;nao;3;101,0;35;26;5;9;nao;Indicacao de colega
EMP0169;Bianca Machado Silva;469.018.764-90;1975-05-18;51;F;Viuvo(a);Ensino superior;1;rafaela.macedo@coca-cola.com.br;Atendimento;Assistente de Atendimento ao Consumidor;Assistente;Apoio;Minas Gerais;Belo Horizonte;MG;Sudeste;CC-2200;CLT;40;2025-12-17;2026-06-15;0,8;EMP0200;Luciano Medeiros;Desligado;3.020,00;0,00;3.020,00;803,25;800,00;230,00;sim;nao;2;79,4;37;2;4;0;sim;Universidade
EMP0170;Geraldo Alves Guimaraes;180.748.974-40;1987-02-19;39;M;Uniao estavel;Ensino superior;1;geraldo.guimaraes@coca-cola.com.br;Logistica;Assistente de Logistica;Assistente;Apoio;Interior de Sao Paulo;Campinas;SP;Sudeste;CC-1200;CLT;40;2021-02-22;;5,6;EMP0197;Sergio Nascimento;Ativo;3.310,00;0,00;3.310,00;1.053,00;800,00;345,00;sim;nao;3;132,3;22;40;2;5;nao;Portal de carreiras
EMP0171;Diego Silva;642.828.030-20;1978-06-28;48;M;Uniao estavel;Ensino superior;1;diego.silva@coca-cola.com.br;Vendas;Assistente de Vendas;Assistente;Apoio;Ceara;Fortaleza;CE;Nordeste;CC-5300;CLT;40;2007-02-06;;19,6;EMP0196;Lucas Monteiro;Ativo;2.360,00;0,00;2.360,00;1.174,50;800,00;380,00;sim;nao;4;52,7;-1;25;3;29;nao;Feira de carreiras
EMP0172;Francisca Melo;151.102.759-20;1987-09-05;39;F;Uniao estavel;Ensino medio;1;francisca.melo@coca-cola.com.br;Vendas;Assistente de Vendas;Assistente;Apoio;Bahia;Salvador;BA;Nordeste;CC-5200;CLT;40;2011-11-28;;14,8;EMP0199;Rafaela Duarte;Ativo;3.110,00;0,00;3.110,00;951,75;800,00;285,00;sim;nao;4;120,8;-2;38;5;3;nao;Banco de talentos
EMP0173;Rosana Teixeira;823.500.812-20;1978-06-09;48;F;Divorciado(a);Ensino superior;1;rosana.teixeira@coca-cola.com.br;Vendas;Assistente Administrativo;Assistente;Apoio;Matriz - Sao Paulo;Sao Paulo;SP;Sudeste;CC-1000;CLT;40;05/12/2025;;0,8;EMP0194;Rodrigo Fernandes Lopes;Ativo;3.820,00;0,00;3.820,00;796,50;800,00;310,00;sim;nao;4;104,3;10;28;1;145;nao;Universidade
EMP0174;Vitoria Rocha Pereira;677.165.189-40;2000-08-26;26;F;Uniao estavel;Ensino medio;1;vitoria.pereira@coca-cola.com.br;Logistica;Assistente de Logistica;Assistente;Apoio;Maranhao;Sao Luis;MA;Nordeste;CC-5400;CLT;40;2026-06-01;;0,3;EMP0197;Sergio Nascimento;Ativo;2.160,00;0,00;2.160,00;702,00;800,00;0,00;sim;nao;3;65,0;9;54;6;20;nao;Universidade
EMP0175;Gabriel Lima Lopes;748.493.180-20;1987-03-30;39;M;Casado(a);Ensino medio;1;gabriel.lopes@coca-cola.com.br;Financeiro;Assistente Financeiro;Assistente;Apoio;Brasilia e Entorno;Brasilia;DF;Centro-Oeste;CC-3100;CLT;40;2018-04-14;;8,5;EMP0194;Rodrigo Fernandes Lopes;Ativo;2.690,00;0,00;2.690,00;1.140,75;800,00;350,00;sim;nao;3;107,9;18;28;2;23;nao;Processo seletivo interno
EMP0176;Renata Castro;565.970.843-90;1976-11-27;49;F;Uniao estavel;Ensino superior;0;renata.castro@coca-cola.com.br;Logistica;Assistente de Logistica;Assistente;Apoio;Para;Belem;PA;Norte;CC-6100;CLT;40;2011-04-12;;15,5;EMP0197;Sergio Nascimento;Ativo;2.120,00;0,00;2.120,00;610,00;800,00;0,00;sim;nao;4;81,5;43;62;3;23;nao;Portal de carreiras
EMP0177;Francisco Santos;374.265.904-90;1986-04-07;40;M;Uniao estavel;Ensino medio;1;francisco.santos@coca-cola.com.br;Comunicacao;Assistente de Comunicacao;Assistente;Apoio;Santa Catarina;Florianopolis;SC;Sul;CC-4300;CLT;40;2023-08-23;2026-03-09;3,1;EMP0195;Douglas Santos;Desligado;2,7;0,00;2.700,00;891,00;800,00;0,00;sim;nao;4;116,0;-1;8;2;0;sim;Banco de talentos
EMP0178;Daniel Macedo;937.350.564-50;1980-08-19;46;M;Divorciado(a);Ensino superior;2;daniel.macedo@coca-cola.com.br;Logistica;Assistente de Logistica;Assistente;Apoio;Rio Grande do Sul;Porto Alegre;RS;Sul;CC-4200;CLT;40;2006-05-24;2026-08-13;20,4;EMP0197;Sergio Nascimento;Desligado;3.370,00;0,00;3.370,00;1.156,00;800,00;0,00;sim;nao;4;83,5;17;4;6;0;sim;Agencia de recrutamento
EMP0179;Vinicius Melo Machado;778.571.529-70;1975-01-01;51;M;Casado(a);Ensino medio;0;vinicius.machado@coca-cola.com.br;Recursos Humanos;Assistente de RH;Assistente;Apoio;Interior de Sao Paulo;Campinas;SP;Sudeste;CC-1200;CLT;40;2009-07-01;;17,2;EMP0191;Francisco Azevedo Goncalves;Ativo;3.610,00;0,00;3.610,00;825,00;800,00;350,00;sim;nao;2;119,8;8;45;7;24;nao;Portal de carreiras
EMP0180;Samuel Rodrigues;153.040.812-10;1983-01-21;43;M;Viuvo(a);Ensino medio;0;samuel.rodrigues@coca-cola.com.br;Vendas;Assistente de Vendas;Assistente;Apoio;Interior de Sao Paulo;Campinas;SP;Sudeste;CC-1200;CLT;40;2022-05-08;;4,4;EMP0200;Luciano Medeiros;Ativo;3.950,00;0,00;3.950,00;800,00;800,00;245,00;sim;nao;2;48,5;5;19;1;32;nao;Banco de talentos
EMP0181;Ricardo Martins;799.403.869-70;1994-10-16;31;M;Solteiro(a);Ensino medio;1;ricardo.martins@coca-cola.com.br;Qualidade;Assistente de Qualidade;Assistente;Apoio;Matriz - Sao Paulo;Sao Paulo;SP;Sudeste;CC-1000;CLT;40;2026-03-17;;0,5;EMP0192;Bianca Mendes Araujo;Ativo;2.490,00;0,00;2.490,00;1.201,50;800,00;350,00;sim;nao;3;70,3;8;30;4;29;nao;Feira de carreiras
EMP0182;Vinicius Rodrigues;902.069.251-80;1995-10-08;30;F;Uniao estavel;Ensino superior;2;renata.dias@coca-cola.com.br;Atendimento;Assistente de Atendimento ao Consumidor;Assistente;Apoio;Rio Grande do Sul;Porto Alegre;RS;Sul;CC-4200;CLT;40;2020-07-07;;6,2;EMP0199;Rafaela Duarte;Ativo;2.690,00;0,00;2.690,00;1.241,00;800,00;0,00;sim;nao;2;104,4;5;48;3;31;nao;Portal de carreiras
EMP0183;Sofia Freitas;859.888.155-40;1982-11-06;43;F;Casado(a);Ensino medio;3;sofia.freitas@coca-cola.com.br;Vendas;Assistente Administrativo;Assistente;Apoio;Ceara;Fortaleza;CE;Nordeste;CC-5300;CLT;40;2013-08-10;2026-10-19;13,1;EMP0200;Luciano Medeiros;Aviso previo;2.760,00;0,00;2.760,00;0,00;800,00;320,00;nao;nao;3;73,4;1;55;4;27;nao;Processo seletivo interno
EMP0184;Marcos Nascimento Marques;949.569.463-90;2003-05-28;23;M;Viuvo(a);Ensino superior;3;marcos.marques@coca-cola.com.br;Vendas;Assistente de Vendas;Assistente;Apoio;Pernambuco;Recife;PE;Nordeste;CC-5100;CLT;40;2026-01-10;;0,7;EMP0196;Lucas Monteiro;Ativo;3.080,00;0,00;3.080,00;1.588,75;800,00;340,00;sim;nao;3;112,7;-32;81;4;20;nao;Portal de carreiras
EMP0185;Isabel Dias;936.370.531-50;1977-12-11;48;F;Casado(a);Ensino medio;1;isabel.dias@coca-cola.com.br;Vendas;Assistente de Vendas;Assistente;Apoio;Rio de Janeiro;Rio de Janeiro;RJ;Sudeste;CC-2100;CLT;40;2014-07-06;;12,2;EMP0199;Rafaela Duarte;Ativo;3.210,00;0,00;3.210,00;573,75;800,00;270,00;sim;nao;3;80,9;17;66;4;27;nao;Banco de talentos
EMP0186;Paulo Correia Machado;148.537.264-00;11/12/1969;56;M;Viuvo(a);Ensino superior;0;paulo.machado@coca-cola.com.br;Vendas;Assistente de Vendas;Assistente;Apoio;Brasilia e Entorno;Brasilia;DF;Centro-Oeste;CC-3100;CLT;40;2013-03-29;;13,5;EMP0200;Luciano Medeiros;Ativo;3.630,00;0,00;3.630,00;900,00;800,00;255,00;sim;nao;4;123,3;17;25;3;42;nao;Banco de talentos
EMP0187;Marcos Martins;413.493.452-40;1975-07-29;51;M;Solteiro(a);Ensino superior;2;marcos.martins@coca-cola.com.br;Vendas;Assistente Administrativo;Assistente;Apoio;Brasilia e Entorno;Brasilia;DF;Centro-Oeste;CC-3100;CLT;40;2025-09-28;;1,0;EMP0191;Francisco Azevedo Goncalves;Ativo;3.680,00;0,00;3.680,00;1.096,50;800,00;220,00;sim;nao;3;53,3;39;29;3;16;nao;Indicacao de colega
EMP0188;Diego Bezerra Lima;315.179.826-80;1972-07-14;54;M;Uniao estavel;Ensino medio;1;diego.lima@coca-cola.com.br;Compras;Assistente de Compras;Assistente;Apoio;Minas Gerais;Belo Horizonte;MG;Sudeste;CC-2200;CLT;40;2025-02-15;;1,6;EMP0191;Francisco Azevedo Goncalves;Ativo;3.310,00;0,00;3.310,00;769,50;800,00;305,00;sim;nao;4;80,7;15;53;4;26;nao;Portal de carreiras
EMP0189;Fernanda Almeida Cardoso;148.333.583-60;1974-06-05;52;F;Casado(a);Ensino medio;2;fernanda.cardoso@coca-cola.com.br;Tecnologia da Informacao;Estagiario de TI;Estagiario;Apoio;Grande Sao Paulo;Sao Paulo;SP;Sudeste;CC-1100;CLT;30;2009-10-29;;16,9;EMP0161;Olivia Rodrigues;Ativo;2.170,00;0,00;2.170,00;1.020,00;800,00;300,00;sim;nao;3;94,6;32;0;4;0;nao;Agencia de recrutamento
EMP0190;Roberto Vieira;682.586.066-60;1967-06-27;59;M;Divorciado(a);Ensino medio;0;roberto.vieira@coca-cola.com.br;Tecnologia da Informacao;Estagiario de TI;Estagiario;Apoio;Matriz - Sao Paulo;Sao Paulo;SP;Sudeste;CC-1000;CLT;30;2015-05-23;;11,4;EMP0173;Rosana Teixeira;Ativo;2.530,00;0,00;2.530,00;810,00;800,00;385,00;sim;nao;3;91,4;-10;33;4;20;nao;Feira de carreiras
EMP0191;Francisco Azevedo Goncalves;075.215.119-30;1993-10-21;32;M;Casado(a);Ensino medio;0;francisco.goncalves@coca-cola.com.br;Vendas;Estagiario de Administracao;Estagiario;Apoio;Interior de Sao Paulo;Campinas;SP;Sudeste;CC-1200;CLT;30;2020-01-20;;6,7;EMP0180;Samuel Rodrigues;Ativo;2.140,00;0,00;2.140,00;775,00;800,00;370,00;sim;nao;3;108,5;9;;4;38;nao;Portal de carreiras
EMP0192;Bianca Mendes Araujo;118.144.782-80;1985-08-20;41;F;Casado(a);Ensino medio;1;bianca.araujo@coca-cola.com.br;Qualidade;Estagiario de Producao;Estagiario;Apoio;Ceara;Fortaleza;CE;Nordeste;CC-5300;CLT;30;2020-02-08;;6,6;EMP0168;Rodrigo Bezerra;Afastado;1.710,00;0,00;1.710,00;1.026,00;800,00;320,00;sim;nao;3;75,1;-17;23;0;116;nao;Banco de talentos
EMP0193;Andre Freitas;657.058.017-50;1971-12-06;54;M;Divorciado(a);Ensino superior;2;andre.freitas@coca-cola.com.br;Qualidade;Estagiario de Producao;Estagiario;Apoio;Bahia;Salvador;BA;Nordeste;CC-5200;CLT;30;2014-12-06;;11,8;EMP0181;Ricardo Martins;Ativo;1.590,00;0,00;1.590,00;1.028,50;800,00;315,00;sim;nao;2;78,2;18;52;4;7;nao;Processo seletivo interno
EMP0194;Rodrigo Fernandes Lopes;593.477.156-60;1979-03-31;47;M;Viuvo(a);Ensino medio;0;rodrigo.lopes@coca-cola.com.br;Vendas;Estagiario de Vendas;Estagiario;Apoio;Brasilia e Entorno;Brasilia;DF;Centro-Oeste;CC-3100;CLT;30;2023-02-26;;3,6;EMP0171;Diego Silva;Ativo;2.320,00;0,00;2.320,00;515,00;800,00;320,00;sim;nao;3;52,1;1;43;5;2;nao;Indicacao de colega
EMP0195;Douglas Santos;485.410.512-70;1978-05-08;48;M;Divorciado(a);Ensino medio;2;douglas.santos@coca-cola.com.br;Marketing;Estagiario de Marketing;Estagiario;Apoio;Interior de Sao Paulo;Campinas;SP;Sudeste;CC-1200;CLT;30;2015-03-07;;11,6;EMP0180;Samuel Rodrigues;Ativo;2.420,00;0,00;2.420,00;926,50;800,00;235,00;sim;nao;3;63,7;8;52;2;1;nao;Banco de talentos
EMP0196;Lucas Monteiro;665.655.589-60;1983-07-05;43;M;Viuvo(a);Ensino superior;1;lucas.monteiro@coca-cola.com.br;Vendas;Estagiario de Vendas;Estagiario;Apoio;Brasilia e Entorno;Brasilia;DF;Centro-Oeste;CC-3100;CLT;30;2023-10-14;;3,0;EMP0165;Leandro Santos;Afastado;1.950,00;0,00;1.950,00;1.161,00;800,00;250,00;sim;nao;4;77,5;5;22;3;57;nao;Banco de talentos
EMP0197;Sergio Nascimento;289.922.755-60;1984-01-08;42;M;Divorciado(a);Ensino medio;1;sergio.nascimento@coca-cola.com.br;Logistica;Estagiario de Logistica;Estagiario;Apoio;Brasilia e Entorno;Brasilia;DF;Centro-Oeste;CC-3100;CLT;30;2021-02-26;;5,6;EMP0174;Vitoria Rocha Pereira;Ativo;1.990,00;0,00;1.990,00;668,25;800,00;280,00;sim;nao;2;91,7;-3;45;3;30;nao;Portal de carreiras
EMP0198;Samuel Nunes Martins;038.484.882-60;1972-11-30;53;M;Uniao estavel;Ensino medio;2;samuel.martins@coca-cola.com.br;Marketing;Estagiario de Marketing;Estagiario;Apoio;Grande Sao Paulo;Sao Paulo;SP;Sudeste;CC-1100;CLT;30;2020-07-13;;6,2;EMP0160;Beatriz Santos Rodrigues;Ativo;2.240,00;0,00;2.240,00;1.283,50;800,00;225,00;sim;nao;2;90,0;27;45;2;24;nao;Agencia de recrutamento
EMP0199;Rafaela Duarte;897.676.109-00;1967-08-05;59;F;Casado(a);Ensino medio;2;rafaela.duarte@coca-cola.com.br;VENDAS;Estagiario de Vendas;Estagiario;Apoio;Espirito Santo;Vitoria;ES;Sudeste;CC-2300;CLT;30;2025-12-25;;0,8;EMP0184;Marcos Nascimento Marques;Ativo;1.910,00;0,00;1.910,00;1.232,50;800,00;0,00;sim;nao;4;68,9;22;13;1;19;nao;Banco de talentos
EMP0200;Luciano Medeiros;199.824.881-00;1992-05-01;34;M;Viuvo(a);Ensino medio;0;luciano.medeiros@coca-cola.com.br;Vendas;Estagiario de Administracao;Estagiario;Apoio;Rio de Janeiro;Rio de Janeiro;RJ;Sudeste;CC-2100;CLT;30;2025-11-24;;0,8;EMP0172;Francisca Melo;Ativo;2.490,00;0,00;2.490,00;800,00;800,00;300,00;sim;nao;2;104,9;21;26;2;0;nao;Universidade
